BAS_DD,ISU_CD,ISU_NM,MKT_NM,SECT_TP_NM,TDD_CLSPRC,CMPPREVDD_PRC,FLUC_RT,TDD_OPNPRC,TDD_HGPRC,TDD_LWPRC,ACC_TRDVOL,ACC_TRDVAL,MKTCAP,LIST_SHRS
20240812,095570,AJ네트웍스,KOSPI,-,4360,40,0.93,4320,4385,4250,125111,541277640,197302029240,45252759
20240812,006840,AK홀딩스,KOSPI,-,13380,0,0.00,13380,13540,13250,2421,32390660,177252366180,13247561
20240812,027410,BGF,KOSPI,-,3545,-50,-1.39,3595,3595,3535,64577,229656850,339316024095,95716791
20240812,282330,BGF리테일,KOSPI,-,112500,100,0.09,112200,113400,111400,10800,1213017100,1944439425000,17283906
20240812,138930,BNK금융지주,KOSPI,-,9620,40,0.42,9660,9660,9490,811956,7770888770,3098490773560,322088438
20240812,001460,BYC,KOSPI,-,32950,550,1.70,32300,33450,32300,3086,100873300,205810642500,6246150
20240812,001465,BYC우,KOSPI,-,13150,70,0.54,13230,13230,12920,7590,98422220,28323127500,2153850
20240812,001040,CJ,KOSPI,-,120300,2300,1.95,119000,120300,117000,43295,5132907500,3509992859400,29176998
20240812,079160,CJ CGV,KOSPI,-,5740,90,1.59,5640,5800,5620,701367,4025135440,950426048740,165579451
20240812,00104K,CJ4우(전환),KOSPI,-,87600,1200,1.39,86400,88000,85300,8329,723806000,370242451200,4226512
20240812,000120,CJ대한통운,KOSPI,-,100300,1700,1.72,100000,101500,99500,81752,8219238000,2288078103200,22812344
20240812,011150,CJ씨푸드,KOSPI,-,4050,130,3.32,3920,4100,3830,1055373,4219780745,145519630650,35930773
20240812,011155,CJ씨푸드1우,KOSPI,-,20400,400,2.00,19900,20400,19900,58,1161700,4080000000,200000
20240812,001045,CJ우,KOSPI,-,57800,300,0.52,57900,57900,57300,470,27120300,130640889400,2260223
20240812,097950,CJ제일제당,KOSPI,-,359000,4000,1.13,361000,361500,354000,12360,4411037500,5404452774000,15054186
20240812,097955,CJ제일제당 우,KOSPI,-,148400,-100,-0.07,149700,149700,147600,1274,188588600,196991057200,1327433
20240812,000480,CR홀딩스,KOSPI,-,5830,10,0.17,5770,5850,5770,12166,70595200,273371556700,46890490
20240812,000590,CS홀딩스,KOSPI,-,68700,600,0.88,68800,68800,68100,670,45926200,79312913400,1154482
20240812,012030,DB,KOSPI,-,1152,25,2.22,1127,1153,1126,232560,266074057,231752370816,201173933
20240812,016610,DB금융투자,KOSPI,-,4320,10,0.23,4310,4345,4285,29918,128798610,183368400480,42446389
20240812,005830,DB손해보험,KOSPI,-,102000,200,0.20,102600,102600,100200,93980,9528125000,7221600000000,70800000
20240812,000990,DB하이텍,KOSPI,-,43800,1850,4.41,41750,44400,41750,508714,22115344250,1944658154400,44398588
20240812,139130,DGB금융지주,KOSPI,-,7930,60,0.76,7940,7960,7850,166930,1318847020,1341326455690,169145833
20240812,001530,DI동일,KOSPI,-,30400,200,0.66,30250,30500,30150,74364,2255077300,766556428800,25215672
20240812,000210,DL,KOSPI,-,45400,1700,3.89,43950,45650,43850,93691,4201728550,951397133600,20955884
20240812,000215,DL우,KOSPI,-,23500,750,3.30,23000,24150,22800,9815,232584000,39623702500,1686115
20240812,375500,DL이앤씨,KOSPI,-,31400,800,2.61,30650,31450,30500,82645,2568610050,1214979762200,38693623
20240812,37550L,DL이앤씨2우(전환),KOSPI,-,21400,400,1.90,21000,21400,20900,802,17023800,45195751400,2111951
20240812,37550K,DL이앤씨우,KOSPI,-,16250,260,1.63,16060,16250,15990,3750,60370440,34350631250,2113885
20240812,007340,DN오토모티브,KOSPI,-,92000,-1700,-1.81,93500,94200,91200,18823,1745314400,919448460000,9994005
20240812,004840,DRB동일,KOSPI,-,4885,0,0.00,4885,4905,4845,9312,45328210,97358050000,19930000
20240812,155660,DSR,KOSPI,-,4075,25,0.62,4015,4080,4015,10744,43628035,65200000000,16000000
20240812,069730,DSR제강,KOSPI,-,4100,20,0.49,4080,4200,4020,90670,368652335,59040000000,14400000
20240812,017860,DS단석,KOSPI,-,78000,3700,4.98,74100,78300,74100,49803,3815983200,457189512000,5861404
20240812,017940,E1,KOSPI,-,71800,900,1.27,70900,71800,70300,6573,467236500,492548000000,6860000
20240812,365550,ESR켄달스퀘어리츠,KOSPI,-,4920,55,1.13,4830,4960,4830,183757,900753960,1048397880000,213089000
20240812,383220,F&F,KOSPI,-,50500,1150,2.33,49800,51800,49600,98866,4995067700,1934507287500,38307075
20240812,007700,F&F홀딩스,KOSPI,-,13650,180,1.34,13430,13800,13430,9643,131152230,533911109550,39114367
20240812,114090,GKL,KOSPI,-,11400,-200,-1.72,11600,11640,11170,191293,2167777580,705154638000,61855670
20240812,078930,GS,KOSPI,-,44400,800,1.83,43750,44400,43600,105548,4651051300,4125442783200,92915378
20240812,006360,GS건설,KOSPI,-,20050,920,4.81,19130,20100,18870,1032868,20321893120,1715908874500,85581490
20240812,001250,GS글로벌,KOSPI,-,3475,-115,-3.20,3550,3635,3470,5238784,18639106235,286804829900,82533764
20240812,007070,GS리테일,KOSPI,-,20600,350,1.73,20350,20650,20300,166238,3410363800,2157189193200,104717922
20240812,078935,GS우,KOSPI,-,43800,1650,3.91,41800,43800,41800,21934,939653600,78175378800,1784826
20240812,012630,HDC,KOSPI,-,10110,20,0.20,10160,10160,9980,97939,988993260,603988799310,59741721
20240812,039570,HDC랩스,KOSPI,-,8270,-20,-0.24,8330,8390,8230,12143,100769530,214669360270,25957601
20240812,089470,HDC현대EP,KOSPI,-,4400,65,1.50,4325,4400,4325,94760,413402480,140360000000,31900000
20240812,294870,HDC현대산업개발,KOSPI,-,23200,1300,5.94,22300,23250,21500,682955,15422917200,1529050056000,65907330
20240812,009540,HD한국조선해양,KOSPI,-,199100,-2900,-1.44,202000,204000,196600,312800,62213089100,14090927395600,70773116
20240812,267250,HD현대,KOSPI,-,81100,-100,-0.12,82000,82300,80400,91017,7385287900,6406339193500,78993085
20240812,267270,HD현대건설기계,KOSPI,-,54700,-100,-0.18,54300,55600,54000,122505,6698033500,1030936151200,18847096
20240812,443060,HD현대마린솔루션,KOSPI,-,121300,-1800,-1.46,123100,123700,117200,264919,31899923000,5391785000000,44450000
20240812,010620,HD현대미포,KOSPI,-,109900,-800,-0.72,112000,113000,106600,247203,27096235900,4389642175100,39942149
20240812,322000,HD현대에너지솔루션,KOSPI,-,25200,2050,8.86,23200,25650,23200,311964,7715769150,282240000000,11200000
20240812,042670,HD현대인프라코어,KOSPI,-,7330,-30,-0.41,7360,7420,7290,682753,5007457000,1463093310490,199603453
20240812,267260,HD현대일렉트릭,KOSPI,-,286000,-3000,-1.04,291000,291500,278000,273146,78198999000,10309480610000,36047135
20240812,329180,HD현대중공업,KOSPI,-,208500,-3500,-1.65,210000,213000,204000,242565,50534884000,18509194686000,88773116
20240812,097230,HJ중공업,KOSPI,-,3075,-55,-1.76,3130,3160,3060,83545,258153740,256068414075,83274281
20240812,014790,HL D&I,KOSPI,-,2515,60,2.44,2425,2640,2395,314875,795960810,95214381515,37858601
20240812,003580,HLB글로벌,KOSPI,-,5570,-10,-0.18,5590,5690,5550,110689,622173360,264213273060,47435058
20240812,204320,HL만도,KOSPI,-,35950,350,0.98,36100,36400,35350,107655,3849597000,1688108464000,46957120
20240812,060980,HL홀딩스,KOSPI,-,33050,-150,-0.45,33400,33400,32900,5741,189818600,336099000500,10169410
20240812,011200,HMM,KOSPI,-,17570,200,1.15,17530,17700,17400,1065617,18736666540,13160623944720,749039496
20240812,035000,HS애드,KOSPI,-,6230,0,0.00,6210,6230,6200,4146,25746260,103214958070,16567409
20240812,002460,HS화성,KOSPI,-,9130,-90,-0.98,9220,9270,9120,8343,76453950,92669500000,10150000
20240812,487570,HS효성,KOSPI,-,47650,200,0.42,47900,48300,47450,18425,880457950,177540421550,3725927
20240812,003560,IHQ,KOSPI,-,10760,0,0.00,0,0,0,0,0,62107613080,5772083
20240812,175330,JB금융지주,KOSPI,-,14090,20,0.14,14220,14250,13960,179930,2531279260,2748722259820,195083198
20240812,234080,JW생명과학,KOSPI,-,11800,140,1.20,11620,11880,11620,18486,217265440,186847737200,15834554
20240812,001060,JW중외제약,KOSPI,-,29600,1400,4.96,28200,29600,28200,83391,2420447700,689263528000,23285930
20240812,001067,JW중외제약2우B,KOSPI,-,57300,0,0.00,57400,57400,57300,7,401600,12031452900,209973
20240812,001065,JW중외제약우,KOSPI,-,30450,0,0.00,30450,30450,30250,227,6894600,10412407950,341951
20240812,096760,JW홀딩스,KOSPI,-,3290,35,1.08,3230,3295,3230,39890,130720285,243213059180,73924942
20240812,105560,KB금융,KOSPI,-,82500,600,0.73,82300,82800,81700,683989,56276019500,33289663440000,403511072
20240812,432320,KB스타리츠,KOSPI,-,4350,50,1.16,4300,4375,4290,42161,182714870,441152139750,101414285
20240812,002380,KCC,KOSPI,-,307000,14500,4.96,297500,310000,293500,30368,9174042500,2728146597000,8886471
20240812,344820,KCC글라스,KOSPI,-,41150,550,1.35,40550,41150,40500,10704,436882900,657186568800,15970512
20240812,009070,KCTC,KOSPI,-,5710,-400,-6.55,5960,6000,5600,1599519,9135832040,171300000000,30000000
20240812,009440,KC그린홀딩스,KOSPI,-,1057,18,1.73,1065,1065,1019,336634,350253721,23713773860,22434980
20240812,119650,KC코트렐,KOSPI,-,787,-19,-2.36,806,806,776,257645,204141382,50107728869,63669287
20240812,092220,KEC,KOSPI,-,1100,45,4.27,1087,1121,1067,728384,798563042,220839455100,200763141
20240812,003620,KG모빌리티,KOSPI,-,6130,180,3.03,6060,6300,5980,913245,5600764210,1200795787790,195888383
20240812,016380,KG스틸,KOSPI,-,5820,140,2.46,5690,5820,5690,130540,751805980,582051780540,100008897
20240812,001390,KG케미칼,KOSPI,-,4390,110,2.57,4260,4430,4260,172563,751241400,300579085600,68469040
20240812,033180,KH 필룩스,KOSPI,-,6630,0,0.00,0,0,0,0,0,125330728770,18903579
20240812,015590,KIB플러그에너지,KOSPI,-,547,6,1.11,544,552,538,748477,408090806,129628904568,236981544
20240812,001940,KISCO홀딩스,KOSPI,-,19150,-370,-1.90,19520,19700,19140,12554,242579830,309777677000,16176380
20240812,025000,KPX케미칼,KOSPI,-,47000,-50,-0.11,47000,47300,46750,2666,125183300,227480000000,4840000
20240812,092230,KPX홀딩스,KOSPI,-,57000,-900,-1.55,57500,57900,56800,794,45590700,240804822000,4224646
20240812,000040,KR모터스,KOSPI,-,575,8,1.41,572,585,568,213028,123149404,34576399100,60132868
20240812,044450,KSS해운,KOSPI,-,8890,130,1.48,8780,8990,8720,94847,838688780,205233473200,23085880
20240812,030200,KT,KOSPI,-,38000,-100,-0.26,38400,38450,37400,380832,14403118750,9576824030000,252021685
20240812,033780,KT&G,KOSPI,-,100200,-400,-0.40,100600,100600,99000,381600,38121008600,13058314199400,130322497
20240812,058850,KTcs,KOSPI,-,2940,30,1.03,2910,2980,2900,163197,478959570,125493900000,42685000
20240812,058860,KTis,KOSPI,-,2540,15,0.59,2525,2540,2520,75431,191076940,88397080000,34802000
20240812,093050,LF,KOSPI,-,13770,30,0.22,13670,13820,13670,44258,607438430,402634800000,29240000
20240812,003550,LG,KOSPI,-,78800,800,1.03,78600,79400,78000,93421,7337131600,12395318248400,157300993
20240812,034220,LG디스플레이,KOSPI,-,10750,190,1.80,10660,10810,10600,722310,7744609600,5375000000000,500000000
20240812,051900,LG생활건강,KOSPI,-,340500,2000,0.59,342500,345500,337000,43036,14688559000,5317996078500,15618197
20240812,051905,LG생활건강우,KOSPI,-,151800,1700,1.13,149000,152700,149000,2799,424440400,318734004600,2099697
20240812,373220,LG에너지솔루션,KOSPI,-,328500,6500,2.02,321000,330000,321000,144514,47276687500,76869000000000,234000000
20240812,003555,LG우,KOSPI,-,59200,300,0.51,59300,59600,58900,3703,219472900,178879904000,3021620
20240812,032640,LG유플러스,KOSPI,-,9630,20,0.21,9590,9630,9580,884723,8497586310,4204567406430,436611361
20240812,011070,LG이노텍,KOSPI,-,250500,15000,6.37,239500,252000,239500,187804,46626769500,5928610303500,23667107
20240812,066570,LG전자,KOSPI,-,95600,1400,1.49,94400,96200,94300,297869,28430690200,15644731018400,163647814
20240812,066575,LG전자우,KOSPI,-,45600,100,0.22,45550,45750,44850,22730,1033035400,783681235200,17185992
20240812,037560,LG헬로비전,KOSPI,-,2715,40,1.50,2675,2735,2660,42373,115000105,210268238475,77446865
20240812,051910,LG화학,KOSPI,-,290000,4000,1.40,286000,293000,286000,116247,33712312500,20471779470000,70592343
20240812,051915,LG화학우,KOSPI,-,193200,4100,2.17,189400,193300,189100,9839,1891252100,1485476160000,7688800
20240812,079550,LIG넥스원,KOSPI,-,203000,1500,0.74,203500,205500,199400,135599,27332549400,4466000000000,22000000
20240812,006260,LS,KOSPI,-,109000,1500,1.40,109400,110200,106100,154182,16741074200,3509800000000,32200000
20240812,010120,LS ELECTRIC,KOSPI,-,174600,2500,1.45,177000,177300,170600,444213,77173983900,5238000000000,30000000
20240812,000680,LS네트웍스,KOSPI,-,3615,65,1.83,3610,3630,3575,70147,252848070,284872902840,78803016
20240812,229640,LS에코에너지,KOSPI,-,28300,300,1.07,27850,28600,27850,435295,12281248650,866684075700,30624879
20240812,108320,LX세미콘,KOSPI,-,70000,-900,-1.27,70900,71400,69800,31667,2228452500,1138501000000,16264300
20240812,001120,LX인터내셔널,KOSPI,-,29300,300,1.03,29000,29300,28900,64588,1879556600,1135668000000,38760000
20240812,108670,LX하우시스,KOSPI,-,43050,200,0.47,42600,43200,42250,15416,658410400,386058193500,8967670
20240812,108675,LX하우시스우,KOSPI,-,23600,-100,-0.42,23700,23900,23000,1814,42553250,24362988000,1032330
20240812,383800,LX홀딩스,KOSPI,-,7100,50,0.71,7050,7110,7040,78477,555038750,541592899000,76280690
20240812,38380K,LX홀딩스1우,KOSPI,-,8720,-220,-2.46,8940,8940,8630,1662,14657060,12777285200,1465285
20240812,023150,MH에탄올,KOSPI,-,5750,40,0.70,5840,5840,5670,9578,55007600,42426524500,7378526
20240812,035420,NAVER,KOSPI,-,160300,-3400,-2.08,164600,164700,159400,811411,130531936000,26034097618200,162408594
20240812,181710,NHN,KOSPI,-,19520,610,3.23,18900,19570,18890,65903,1276054340,659114720960,33766123
20240812,400760,NH올원리츠,KOSPI,-,3780,-20,-0.53,3800,3810,3755,45821,173359635,159516000000,42200000
20240812,005940,NH투자증권,KOSPI,-,13310,-50,-0.37,13390,13500,13250,358588,4785104760,4358922499690,327492299
20240812,005945,NH투자증권우,KOSPI,-,11780,10,0.08,11800,11810,11760,35162,414485940,222300003040,18870968
20240812,338100,NH프라임리츠,KOSPI,-,4485,25,0.56,4515,4515,4455,22292,99733045,83690100000,18660000
20240812,034310,NICE,KOSPI,-,10430,30,0.29,10400,10500,10330,24233,251815200,391161265110,37503477
20240812,030190,NICE평가정보,KOSPI,-,10150,110,1.10,10030,10300,10030,59718,607298720,610092850500,60107670
20240812,008260,NI스틸,KOSPI,-,3945,55,1.41,3980,3980,3870,54528,212827935,112827461565,28600117
20240812,004250,NPC,KOSPI,-,4255,75,1.79,4155,4295,4155,57758,244432750,156243600000,36720000
20240812,004255,NPC우,KOSPI,-,2515,40,1.62,2490,2520,2490,453,1133760,13279200000,5280000
20240812,456040,OCI,KOSPI,-,80700,1100,1.38,80200,81400,79800,6517,525869700,722466346500,8952495
20240812,010060,OCI홀딩스,KOSPI,-,71700,1400,1.99,70000,72100,70000,39946,2850498400,1402737581100,19563983
20240812,178920,PI첨단소재,KOSPI,-,26500,250,0.95,26200,26850,26200,46097,1219765100,778207533000,29366322
20240812,005490,POSCO홀딩스,KOSPI,-,327500,2000,0.61,326000,330500,325500,180349,59080497500,27697077825000,84571230
20240812,010950,S-Oil,KOSPI,-,65300,-400,-0.61,65900,65900,65300,168568,11033135700,7351656317600,112582792
20240812,010955,S-Oil우,KOSPI,-,44350,150,0.34,44100,44350,44100,2351,103939500,178372462450,4021927
20240812,034120,SBS,KOSPI,-,15900,10,0.06,15990,16030,15840,36720,583636530,294964684200,18551238
20240812,005090,SGC에너지,KOSPI,-,27000,100,0.37,27000,27750,26850,27518,747061150,389051991000,14409333
20240812,001380,SG글로벌,KOSPI,-,2460,-460,-15.75,2900,2910,2440,2635151,6856408525,110611791780,44964143
20240812,004060,SG세계물산,KOSPI,-,416,-37,-8.17,440,461,415,11063117,4789742416,84208783360,202424960
20240812,001770,SHD,KOSPI,-,16240,-20,-0.12,16260,16390,15930,1387,22376930,19729618720,1214878
20240812,002360,SH에너지화학,KOSPI,-,582,17,3.01,561,582,561,529275,304298215,64679830860,111133730
20240812,009160,SIMPAC,KOSPI,-,3690,-20,-0.54,3685,3725,3635,67839,249049730,241434914040,65429516
20240812,123700,SJM,KOSPI,-,3325,95,2.94,3250,3340,3220,42299,139344430,51886285850,15604898
20240812,025530,SJM홀딩스,KOSPI,-,3650,195,5.64,3455,3700,3455,107010,387499870,54509129200,14934008
20240812,034730,SK,KOSPI,-,137700,1000,0.73,136600,137700,136200,97446,13346654800,9983622203100,72502703
20240812,011790,SKC,KOSPI,-,118900,-2600,-2.14,121800,124200,117500,247273,29668075600,4502540632200,37868298
20240812,018670,SK가스,KOSPI,-,173500,4500,2.66,168900,175000,167700,5555,949398500,1601447334000,9230244
20240812,001740,SK네트웍스,KOSPI,-,4600,-25,-0.54,4605,4670,4580,258588,1191245670,1017878349200,221277902
20240812,006120,SK디스커버리,KOSPI,-,35100,500,1.45,34700,35300,34600,13123,458812550,659383510500,18785855
20240812,006125,SK디스커버리우,KOSPI,-,32700,500,1.55,32100,33500,32100,7268,239121900,44421478500,1358455
20240812,210980,SK디앤디,KOSPI,-,8860,-70,-0.78,8960,9050,8860,32712,292454150,164950004520,18617382
20240812,395400,SK리츠,KOSPI,-,5070,0,0.00,5070,5140,5010,205238,1039687730,1369572682530,270132679
20240812,302440,SK바이오사이언스,KOSPI,-,58700,3300,5.96,56400,61500,56300,679049,40384504200,4509788925000,76827750
20240812,326030,SK바이오팜,KOSPI,-,98800,6500,7.04,94200,99200,93000,707165,68888514700,7737349100000,78313250
20240812,402340,SK스퀘어,KOSPI,-,77200,1500,1.98,76400,78000,75800,183223,14142464100,10402696912000,134749960
20240812,361610,SK아이이테크놀로지,KOSPI,-,33300,300,0.91,33200,34000,33050,109563,3660311550,2374209813600,71297592
20240812,100090,SK오션플랜트,KOSPI,-,13120,630,5.04,12410,13120,12410,224465,2909203260,776645852160,59195568
20240812,03473K,SK우,KOSPI,-,122300,1200,0.99,119700,122900,119700,1261,153831600,69238310500,566135
20240812,096770,SK이노베이션,KOSPI,-,102000,1000,0.99,101700,103400,101600,126037,12888484600,9765030180000,95735590
20240812,096775,SK이노베이션우,KOSPI,-,76300,100,0.13,76100,77600,75600,1938,148381900,95254903800,1248426
20240812,475150,SK이터닉스,KOSPI,-,19000,240,1.28,18850,19320,18850,558827,10673407470,533485819000,28078201
20240812,001510,SK증권,KOSPI,-,522,0,0.00,521,525,521,705286,368636801,246692069262,472590171
20240812,001515,SK증권우,KOSPI,-,1817,-3,-0.16,1818,1818,1806,5614,10160033,7109037938,3912514
20240812,285130,SK케미칼,KOSPI,-,49900,2000,4.18,47900,49900,47900,34061,1688715350,860963771700,17253783
20240812,28513K,SK케미칼우,KOSPI,-,23600,250,1.07,22850,23900,22850,6375,150008150,49924124400,2115429
20240812,017670,SK텔레콤,KOSPI,-,54300,-600,-1.09,55000,55300,53900,375288,20393565500,11663099877900,214790053
20240812,000660,SK하이닉스,KOSPI,-,177000,5500,3.21,174500,179800,172600,4413736,782041884600,128856418605000,728002365
20240812,003570,SNT다이내믹스,KOSPI,-,25450,350,1.39,25150,26300,24650,272224,6943319550,846281138650,33252697
20240812,064960,SNT모티브,KOSPI,-,40950,850,2.12,40300,41250,40200,17217,702860700,598817419200,14623136
20240812,100840,SNT에너지,KOSPI,-,12100,80,0.67,12050,12290,11820,105581,1273344460,250237474300,20680783
20240812,036530,SNT홀딩스,KOSPI,-,21900,-250,-1.13,22150,22400,21800,2472,54314350,357055103400,16303886
20240812,005610,SPC삼립,KOSPI,-,51300,200,0.39,51100,51400,51000,4076,208220100,442668161700,8629009
20240812,011810,STX,KOSPI,-,6110,140,2.35,6000,6110,5900,104833,631131430,189519533970,31017927
20240812,465770,STX그린로지스,KOSPI,-,13880,-180,-1.28,13610,13920,13330,651004,8873678220,99533924160,7171032
20240812,077970,STX엔진,KOSPI,-,14260,40,0.28,14290,14290,14000,72537,1024748390,328106971040,23008904
20240812,071970,STX중공업,KOSPI,-,23100,-450,-1.91,23200,23650,22600,460422,10638671650,659566653900,28552669
20240812,002820,SUN&L,KOSPI,-,3310,10,0.30,3300,3335,3220,21152,69134260,41732443590,12607989
20240812,084870,TBH글로벌,KOSPI,-,1320,15,1.15,1305,1320,1299,13793,18007877,27531001080,20856819
20240812,002710,TCC스틸,KOSPI,-,31400,0,0.00,31550,32600,31050,106200,3361816050,823110085800,26213697
20240812,069260,TKG휴켐스,KOSPI,-,18380,60,0.33,18290,18570,18260,38978,716331380,751348447440,40878588
20240812,007980,TP,KOSPI,-,1487,10,0.68,1461,1490,1460,117669,173374960,76097418310,51175130
20240812,002900,TYM,KOSPI,-,3205,110,3.55,3130,3230,3115,229555,731349715,144388313980,45050956
20240812,024070,WISCOM,KOSPI,-,2050,-15,-0.73,2055,2120,2050,2931,6069460,31419197900,15326438
20240812,037270,YG PLUS,KOSPI,-,2940,-20,-0.68,2955,3000,2910,43624,128935535,186482465400,63429410
20240812,000500,가온전선,KOSPI,-,39650,-250,-0.63,40000,40650,39500,53133,2116427650,291742558900,7357946
20240812,000860,강남제비스코,KOSPI,-,25500,0,0.00,25300,25750,25100,4537,115092700,165750000000,6500000
20240812,035250,강원랜드,KOSPI,-,14500,110,0.76,14400,14570,14390,351079,5088468140,3102137250000,213940500
20240812,011420,갤럭시아에스엠,KOSPI,-,2065,-40,-1.90,2060,2090,2030,789109,1628221225,56890014860,27549644
20240812,002100,경농,KOSPI,-,9510,120,1.28,9340,9520,9330,21971,207771410,185659688250,19522575
20240812,009450,경동나비엔,KOSPI,-,66000,8700,15.18,57200,66900,55300,353055,22509408500,961527072000,14568592
20240812,267290,경동도시가스,KOSPI,-,19220,170,0.89,19050,19230,18960,10344,197317030,113309703320,5895406
20240812,012320,경동인베스트,KOSPI,-,84200,5400,6.85,79000,85900,78400,37727,3110441600,199134936600,2365023
20240812,000050,경방,KOSPI,-,6300,60,0.96,6240,6450,6240,7085,44827750,172716201000,27415270
20240812,214390,경보제약,KOSPI,-,7440,0,0.00,0,0,0,0,0,177867038400,23906860
20240812,012610,경인양행,KOSPI,-,3225,105,3.37,3195,3225,3135,26466,84184160,134212777125,41616365
20240812,009140,경인전자,KOSPI,-,21300,50,0.24,21050,21550,21050,1526,32410600,33457976100,1570797
20240812,013580,계룡건설,KOSPI,-,15300,290,1.93,15090,15370,14840,25451,383993010,136642877100,8930907
20240812,012200,계양전기,KOSPI,-,1570,9,0.58,1561,1579,1557,25311,39658452,42739841530,27222829
20240812,012205,계양전기우,KOSPI,-,4075,-40,-0.97,4090,4090,4020,1875,7627575,4763996925,1169079
20240812,002140,고려산업,KOSPI,-,2650,30,1.15,2610,2660,2610,27534,72544965,66089476250,24939425
20240812,010130,고려아연,KOSPI,-,518000,4000,0.78,519000,522000,512000,25981,13471731000,10724300594000,20703283
20240812,002240,고려제강,KOSPI,-,19770,200,1.02,19600,19770,19550,11849,232912740,494250000000,25000000
20240812,009290,광동제약,KOSPI,-,6700,10,0.15,6680,6750,6660,77720,520377550,351219701700,52420851
20240812,017040,광명전기,KOSPI,-,1899,-9,-0.47,1910,1927,1896,374792,714740653,82298130885,43337615
20240812,017900,광전자,KOSPI,-,1956,0,0.00,1946,1970,1946,98489,192570110,113338000428,57943763
20240812,037710,광주신세계,KOSPI,-,29000,-100,-0.34,28850,29100,28550,8852,254901700,230758510000,7957190
20240812,030610,교보증권,KOSPI,-,5050,20,0.40,5030,5070,5020,17714,89180620,575512953050,113962961
20240812,339770,교촌에프앤비,KOSPI,-,8350,-350,-4.02,8700,8700,8310,105224,883148860,208604209000,24982540
20240812,007690,국도화학,KOSPI,-,33300,950,2.94,32350,33350,32300,11406,374425450,300053512800,9010616
20240812,005320,국동,KOSPI,-,461,9,1.99,453,477,451,119147,54530938,31038160517,67327897
20240812,001140,국보,KOSPI,-,2110,0,0.00,0,0,0,0,0,33456978680,15856388
20240812,002720,국제약품,KOSPI,-,7160,-50,-0.69,7400,7400,6960,3569859,25724462640,151504397120,21159832
20240812,083420,그린케미칼,KOSPI,-,6520,170,2.68,6450,6530,6390,61984,401788340,156480000000,24000000
20240812,014530,극동유화,KOSPI,-,3920,20,0.51,3860,3930,3855,172317,670766615,136688126400,34869420
20240812,014280,금강공업,KOSPI,-,4720,5,0.11,4800,4810,4600,33434,157827060,138434565040,29329357
20240812,014285,금강공업우,KOSPI,-,8150,-120,-1.45,8380,8380,8150,1038,8463410,4807481250,589875
20240812,008870,금비,KOSPI,-,58100,200,0.35,57700,58500,57200,2287,132537700,58100000000,1000000
20240812,001570,금양,KOSPI,-,60400,-900,-1.47,61400,62200,60200,279803,17035785400,3506222234800,58050037
20240812,002990,금호건설,KOSPI,-,3640,65,1.82,3540,3650,3540,28908,104547205,134511085800,36953595
20240812,002995,금호건설우,KOSPI,-,9900,-100,-1.00,9950,9960,9900,359,3569270,2893433400,292266
20240812,011780,금호석유,KOSPI,-,135000,-100,-0.07,137000,139000,133700,60853,8246690400,3735811665000,27672679
20240812,011785,금호석유우,KOSPI,-,63700,200,0.31,63700,64300,63400,1341,85542300,192596058200,3023486
20240812,214330,금호에이치티,KOSPI,-,579,4,0.70,582,585,571,237379,137576365,123856281849,213914131
20240812,001210,금호전기,KOSPI,-,690,6,0.88,688,698,688,35593,24626432,26554802490,38485221
20240812,073240,금호타이어,KOSPI,-,4745,225,4.98,4565,4765,4550,1089905,5086408075,1363050061815,287260287
20240812,092440,기신정기,KOSPI,-,2695,70,2.67,2625,2695,2625,24502,65401615,78694000000,29200000
20240812,000270,기아,KOSPI,-,102100,200,0.20,102300,103000,101300,639297,65211129400,40825544375700,399858417
20240812,024110,기업은행,KOSPI,-,13480,50,0.37,13500,13560,13430,683331,9211451190,10749300714120,797425869
20240812,013700,까뮤이앤씨,KOSPI,-,1406,6,0.43,1400,1417,1385,19697,27558618,63484105680,45152280
20240812,004540,깨끗한나라,KOSPI,-,2310,0,0.00,2285,2340,2285,81697,189107845,86026000830,37240693
20240812,004545,깨끗한나라우,KOSPI,-,13290,200,1.53,12860,13290,12860,294,3850400,4866266400,366160
20240812,001260,남광토건,KOSPI,-,6950,100,1.46,6850,6950,6810,14410,99073220,68336375400,9832572
20240812,008350,남선알미늄,KOSPI,-,1469,19,1.31,1450,1474,1450,229289,335516247,189617183210,129079090
20240812,008355,남선알미우,KOSPI,-,16610,-350,-2.06,16770,16770,16000,9583,154419620,5114052900,307890
20240812,004270,남성,KOSPI,-,1422,36,2.60,1386,1424,1316,42636,59582345,51493691520,36212160
20240812,003920,남양유업,KOSPI,-,507000,9500,1.91,508000,508000,497500,683,342865500,365040000000,720000
20240812,003925,남양유업우,KOSPI,-,360000,8000,2.27,370000,370000,355500,74,26578500,72000000000,200000
20240812,025860,남해화학,KOSPI,-,6840,120,1.79,6670,6850,6670,57242,388971450,339803286120,49678843
20240812,005720,넥센,KOSPI,-,4625,0,0.00,4690,4690,4580,21170,97424190,247640893625,53543977
20240812,005725,넥센우,KOSPI,-,3025,0,0.00,3030,3030,3000,2101,6305325,10891815000,3600600
20240812,002350,넥센타이어,KOSPI,-,7660,180,2.41,7520,7660,7500,44898,339866790,748135937820,97667877
20240812,002355,넥센타이어1우B,KOSPI,-,3240,45,1.41,3230,3270,3180,6651,21510120,21060000000,6500000
20240812,092790,넥스틸,KOSPI,-,8250,50,0.61,8250,8380,8200,213284,1766766980,214516500000,26002000
20240812,251270,넷마블,KOSPI,-,62300,400,0.65,61900,63100,60500,266870,16465102000,5354903174600,85953502
20240812,090350,노루페인트,KOSPI,-,9160,120,1.33,9040,9560,8950,187022,1731760770,183200000000,20000000
20240812,090355,노루페인트우,KOSPI,-,14220,-30,-0.21,14250,14260,14060,962,13624390,6585651720,463126
20240812,000320,노루홀딩스,KOSPI,-,12860,80,0.63,12800,12940,12570,24509,311677680,170924201860,13291151
20240812,000325,노루홀딩스우,KOSPI,-,29500,0,0.00,29700,29700,29200,173,5096200,7184990500,243559
20240812,006280,녹십자,KOSPI,-,158800,8900,5.94,152900,158900,151100,170948,26496314100,1855822234400,11686538
20240812,005250,녹십자홀딩스,KOSPI,-,16940,0,0.00,16940,17020,16660,77770,1307903000,796657877400,47028210
20240812,005257,녹십자홀딩스2우,KOSPI,-,32200,4000,14.18,29350,33700,29350,12270,385568650,27240878000,845990
20240812,004370,농심,KOSPI,-,426000,-14000,-3.18,445000,445000,421500,38986,16619165500,2591205492000,6082642
20240812,072710,농심홀딩스,KOSPI,-,68100,100,0.15,68300,68600,68000,2121,144592400,315833499000,4637790
20240812,058730,다스코,KOSPI,-,3735,-5,-0.13,3740,3755,3625,400214,1485884160,70206574635,18796941
20240812,030210,다올투자증권,KOSPI,-,3115,5,0.16,3060,3120,3050,41399,128501720,189738095190,60911106
20240812,023590,다우기술,KOSPI,-,17640,70,0.40,17600,17700,17510,23536,413263730,791447123880,44866617
20240812,145210,다이나믹디자인,KOSPI,-,5220,-130,-2.43,5580,5580,5180,82487,439158010,90311705460,17301093
20240812,019680,대교,KOSPI,-,2105,15,0.72,2090,2140,2080,46385,97839490,178299499250,84702850
20240812,019685,대교우B,KOSPI,-,1308,8,0.62,1300,1313,1300,3582,4665444,25410502920,19426990
20240812,006370,대구백화점,KOSPI,-,5870,160,2.80,5710,6850,5710,121491,766858050,63522856570,10821611
20240812,008060,대덕,KOSPI,-,6210,10,0.16,6240,6250,6200,15641,97123190,210457831500,33890150
20240812,00806K,대덕1우,KOSPI,-,6930,30,0.43,6950,6950,6930,13,90150,8401634010,1212357
20240812,353200,대덕전자,KOSPI,-,21350,100,0.47,21250,21750,21150,203063,4371192300,1055051348750,49416925
20240812,35320K,대덕전자1우,KOSPI,-,8940,70,0.79,8890,8980,8820,603,5364280,18733939860,2095519
20240812,000490,대동,KOSPI,-,9580,420,4.59,9140,9720,9140,131075,1250560180,245638749040,25640788
20240812,008110,대동전자,KOSPI,-,15040,0,0.00,0,0,0,0,0,157776322880,10490447
20240812,005750,대림B&Co,KOSPI,-,3560,-30,-0.84,3575,3680,3515,27822,99993470,59353174400,16672240
20240812,006570,대림통상,KOSPI,-,2895,-140,-4.61,3055,3090,2890,19391,57110415,44076375000,15225000
20240812,001680,대상,KOSPI,-,23150,-50,-0.22,23200,23350,22650,167793,3858210800,802101778750,34648025
20240812,001685,대상우,KOSPI,-,17190,90,0.53,16950,17270,16930,4784,81768000,23554133370,1370223
20240812,084690,대상홀딩스,KOSPI,-,9330,-30,-0.32,9440,9490,9300,150177,1407764710,337862979540,36212538
20240812,084695,대상홀딩스우,KOSPI,-,21200,-300,-1.40,21000,21700,21000,9908,210890300,19365818400,913482
20240812,128820,대성산업,KOSPI,-,3700,85,2.35,3615,3700,3610,118437,433369510,167371268600,45235478
20240812,117580,대성에너지,KOSPI,-,10830,190,1.79,10530,11060,10340,1489147,15999424820,297825000000,27500000
20240812,016710,대성홀딩스,KOSPI,-,8070,130,1.64,8130,8130,7980,16354,131265150,129841934130,16089459
20240812,003540,대신증권,KOSPI,-,16340,-30,-0.18,16370,16440,16320,31104,509159210,829637356000,50773400
20240812,003547,대신증권2우B,KOSPI,-,14620,20,0.14,14600,14670,14550,10919,159856540,146200000000,10000000
20240812,003545,대신증권우,KOSPI,-,15200,-30,-0.20,15200,15270,15180,30131,458813100,395200000000,26000000
20240812,009190,대양금속,KOSPI,-,2260,70,3.20,2200,2270,2145,267202,589602185,89706903200,39693320
20240812,014160,대영포장,KOSPI,-,1080,25,2.37,1051,1094,1051,181916,196361043,117066112920,108394549
20240812,047040,대우건설,KOSPI,-,4040,60,1.51,4020,4060,3940,1603497,6415180005,1679115457520,415622638
20240812,009320,대우부품,KOSPI,-,1128,98,9.51,1036,1240,1034,706714,817725602,55610140560,49299770
20240812,003090,대웅,KOSPI,-,22500,500,2.27,22250,22850,22250,125627,2837308100,1308194550000,58141980
20240812,069620,대웅제약,KOSPI,-,125400,400,0.32,126000,127500,120100,79732,9819406100,1452956505000,11586575
20240812,000430,대원강업,KOSPI,-,4815,210,4.56,4610,4895,4600,115472,550829580,298530000000,62000000
20240812,006340,대원전선,KOSPI,-,3130,-30,-0.95,3195,3215,3125,1977624,6230313385,234684817750,74979175
20240812,006345,대원전선우,KOSPI,-,4450,-50,-1.11,4630,4630,4450,42874,192386700,11664340000,2621200
20240812,003220,대원제약,KOSPI,-,16430,-170,-1.02,16730,16920,16320,675410,11193837280,367978947530,22396771
20240812,024890,대원화성,KOSPI,-,1281,6,0.47,1255,1285,1251,33407,42477277,52840163712,41249152
20240812,002880,대유에이텍,KOSPI,-,1119,19,1.73,1108,1218,1106,152649,175567215,52306558380,46744020
20240812,000300,대유플러스,KOSPI,-,241,0,0.00,0,0,0,0,0,30475633069,126454909
20240812,012800,대창,KOSPI,-,1258,11,0.88,1243,1263,1243,214896,269836280,114654747742,91140499
20240812,015230,대창단조,KOSPI,-,5420,-140,-2.52,5560,5630,5330,108165,586239960,154861486600,28572230
20240812,001070,대한방직,KOSPI,-,5840,320,5.80,5530,5860,5530,9333,53768230,30952000000,5300000
20240812,006650,대한유화,KOSPI,-,103000,2400,2.39,101500,104700,100800,14288,1463530200,669500000000,6500000
20240812,001440,대한전선,KOSPI,-,13430,120,0.90,13370,13500,13240,901040,12048707930,2503987239000,186447300
20240812,084010,대한제강,KOSPI,-,11760,-190,-1.59,11830,11960,11710,3937,46445740,275353308720,23414397
20240812,001790,대한제당,KOSPI,-,2985,-35,-1.16,3025,3030,2980,141838,425618550,267744291300,89696580
20240812,001795,대한제당우,KOSPI,-,2585,0,0.00,2560,2615,2560,16546,42780340,16757934600,6482760
20240812,001130,대한제분,KOSPI,-,139900,-2300,-1.62,142900,143000,139400,907,127809400,236431000000,1690000
20240812,003490,대한항공,KOSPI,-,20650,0,0.00,20650,20750,20450,448897,9239110500,7603756649650,368220661
20240812,003495,대한항공우,KOSPI,-,22950,-50,-0.22,22750,23200,22750,470,10809050,25492722300,1110794
20240812,005880,대한해운,KOSPI,-,2025,-5,-0.25,2035,2040,2000,2841063,5735574330,646334356500,319177460
20240812,003830,대한화섬,KOSPI,-,103400,100,0.10,103500,103500,101900,42,4332500,137315200000,1328000
20240812,016090,대현,KOSPI,-,1863,8,0.43,1848,1864,1847,41088,76162024,82497943530,44282310
20240812,069460,대호에이엘,KOSPI,-,1103,4,0.36,1086,1120,1083,115611,127915781,74502020288,67544896
20240812,192080,더블유게임즈,KOSPI,-,44950,750,1.70,44550,44950,44300,21182,947027550,966240974700,21495906
20240812,012510,더존비즈온,KOSPI,-,57000,1300,2.33,56500,59300,56400,145957,8480990900,1731818688000,30382784
20240812,004830,덕성,KOSPI,-,6710,20,0.30,6690,6860,6680,124978,843022140,105212800000,15680000
20240812,004835,덕성우,KOSPI,-,9940,70,0.71,9860,9990,9850,4118,40881380,13836480000,1392000
20240812,024900,덕양산업,KOSPI,-,3690,260,7.58,3430,3735,3430,236269,854154500,120164776200,32564980
20240812,145720,덴티움,KOSPI,-,88300,4000,4.74,85200,89000,84700,63134,5537461500,977377689000,11068830
20240812,002150,도화엔지니어링,KOSPI,-,7150,50,0.70,7190,7200,7100,44236,315910880,241098000000,33720000
20240812,460850,동국씨엠,KOSPI,-,6870,70,1.03,6800,6910,6790,37879,258984230,205403766720,29898656
20240812,460860,동국제강,KOSPI,-,8670,70,0.81,8680,8720,8590,62886,544594900,430101507390,49608017
20240812,001230,동국홀딩스,KOSPI,-,7920,0,0.00,7860,7970,7860,17083,135214270,251859825360,31800483
20240812,023450,동남합성,KOSPI,-,34750,300,0.87,34450,34950,34200,626,21707700,121625000000,3500000
20240812,004140,동방,KOSPI,-,3000,-30,-0.99,3000,3045,2950,1216014,3634930975,143915298000,47971766
20240812,007590,동방아그로,KOSPI,-,6200,-10,-0.16,6210,6250,6150,7282,45059500,84428977400,13617577
20240812,005960,동부건설,KOSPI,-,4860,140,2.97,4790,4870,4735,23915,114551455,111519236700,22946345
20240812,005965,동부건설우,KOSPI,-,22650,100,0.44,22800,22800,22500,196,4442000,5112829800,225732
20240812,026960,동서,KOSPI,-,18380,520,2.91,17900,18390,17900,72609,1324361640,1832486000000,99700000
20240812,002210,동성제약,KOSPI,-,4780,-10,-0.21,4810,4810,4755,33154,158374055,124762636600,26100970
20240812,102260,동성케미컬,KOSPI,-,4085,-40,-0.97,4150,4170,4085,44933,184429655,202982538880,49689728
20240812,000640,동아쏘시오홀딩스,KOSPI,-,117300,4500,3.99,112800,119400,112800,20442,2400251700,744727494900,6348913
20240812,170900,동아에스티,KOSPI,-,69500,-200,-0.29,69600,70500,67700,23115,1599027200,614053211000,8835298
20240812,028100,동아지질,KOSPI,-,14080,350,2.55,14350,14500,13880,210794,2980471070,197861255680,14052646
20240812,282690,동아타이어,KOSPI,-,13610,-130,-0.95,13740,13800,13580,23179,316359850,186906334150,13733015
20240812,001520,동양,KOSPI,-,795,6,0.76,791,799,789,84295,66932845,189753830085,238684063
20240812,001527,동양2우B,KOSPI,-,9930,20,0.20,9970,9970,9900,263,2607560,3064090170,308569
20240812,084670,동양고속,KOSPI,-,9170,70,0.77,9100,9190,9100,168,1538630,26552367730,2895569
20240812,082640,동양생명,KOSPI,-,8510,-320,-3.62,8700,9200,8350,873015,7572707590,1373161558350,161358585
20240812,001525,동양우,KOSPI,-,4950,-430,-7.99,4995,4995,4950,4801,23831825,3057768450,617731
20240812,008970,동양철관,KOSPI,-,915,-1,-0.11,911,927,895,2196302,2001135425,133595171580,146005652
20240812,092780,동양피스톤,KOSPI,-,5630,30,0.54,5670,5790,5560,11431,64398810,74138429800,13168460
20240812,049770,동원F&B,KOSPI,-,34300,-750,-2.14,35500,35500,34150,31319,1077910600,661839766000,19295620
20240812,018500,동원금속,KOSPI,-,1463,43,3.03,1439,1463,1427,87491,126766174,68402466979,46754933
20240812,006040,동원산업,KOSPI,-,31400,500,1.62,31200,31550,30750,14058,437246050,1131087503000,36021895
20240812,030720,동원수산,KOSPI,-,6240,-60,-0.95,6480,6480,6240,5664,35638470,29039743200,4653805
20240812,014820,동원시스템즈,KOSPI,-,41700,0,0.00,41700,42500,41500,20230,847870200,1208936459400,28991282
20240812,014825,동원시스템즈우,KOSPI,-,23050,100,0.44,22950,23050,22950,5,115050,6087758550,264111
20240812,111380,동인기연,KOSPI,-,19750,90,0.46,19490,19790,19190,19448,378208520,121028000000,6128000
20240812,163560,동일고무벨트,KOSPI,-,7960,60,0.76,7840,8000,7830,74735,590904300,110644000000,13900000
20240812,004890,동일산업,KOSPI,-,40400,0,0.00,40350,40400,40000,596,23948450,97978686000,2425215
20240812,002690,동일제강,KOSPI,-,1515,-15,-0.98,1540,1540,1511,3036,4614266,30755045400,20300360
20240812,000020,동화약품,KOSPI,-,8360,140,1.70,8240,8420,8240,85453,714097400,233507089200,27931470
20240812,000150,두산,KOSPI,-,150000,13500,9.89,138100,150200,138100,216645,31662666800,2478575250000,16523835
20240812,000157,두산2우B,KOSPI,-,86600,4500,5.48,80300,88400,80300,4205,361022100,77337090800,893038
20240812,454910,두산로보틱스,KOSPI,-,67300,2400,3.70,64900,68200,64600,320945,21512577500,4362384654000,64819980
20240812,241560,두산밥캣,KOSPI,-,39150,100,0.26,39050,40000,38700,325670,12781476500,3924754848900,100249166
20240812,034020,두산에너빌리티,KOSPI,-,18340,650,3.67,17790,18490,17720,3352235,61041170600,11747891417640,640561146
20240812,000155,두산우,KOSPI,-,86900,6500,8.08,80500,87200,80500,33585,2835068100,347292547800,3996462
20240812,336260,두산퓨얼셀,KOSPI,-,18300,300,1.67,17830,18400,17830,108247,1972410310,1198535185800,65493726
20240812,33626K,두산퓨얼셀1우,KOSPI,-,5700,-70,-1.21,5600,5840,5490,20935,118541290,76175940000,13364200
20240812,33626L,두산퓨얼셀2우B,KOSPI,-,9600,90,0.95,9510,9600,9180,1394,13020610,28668480000,2986300
20240812,016740,두올,KOSPI,-,3190,40,1.27,3115,3220,3115,34722,111008580,102292709200,32066680
20240812,192650,드림텍,KOSPI,-,8760,270,3.18,8400,8810,8400,156210,1344213300,603321891120,68872362
20240812,024090,디씨엠,KOSPI,-,11940,-90,-0.75,12030,12100,11840,9264,110688720,136116000000,11400000
20240812,003160,디아이,KOSPI,-,15520,500,3.33,15130,15840,15010,672461,10464326600,439216000000,28300000
20240812,092200,디아이씨,KOSPI,-,4120,75,1.85,4055,4165,4050,96399,396817645,160220904280,38888569
20240812,377190,디앤디플랫폼리츠,KOSPI,-,3570,95,2.73,3465,3570,3465,52593,185472890,229908000000,64400000
20240812,013570,디와이,KOSPI,-,4840,-40,-0.82,4835,4880,4800,34963,169336765,127387023720,26319633
20240812,210540,디와이파워,KOSPI,-,12690,50,0.40,12660,12780,12550,26917,339946070,140119274520,11041708
20240812,115390,락앤락,KOSPI,-,8760,0,0.00,8760,8770,8750,12552,109862540,379539360360,43326411
20240812,032350,롯데관광개발,KOSPI,-,8880,50,0.57,8850,8930,8810,167095,1480935850,676622105040,76196183
20240812,089860,롯데렌탈,KOSPI,-,30500,400,1.33,30000,30600,29950,31144,948985150,1117338921500,36634063
20240812,330590,롯데리츠,KOSPI,-,4040,195,5.07,3825,4050,3825,1052638,4178030190,981594291360,242968884
20240812,000400,롯데손해보험,KOSPI,-,2860,75,2.69,2770,2885,2770,384789,1094145655,887561875200,310336320
20240812,023530,롯데쇼핑,KOSPI,-,59600,1200,2.05,58800,59900,58500,37910,2240617100,1686009798000,28288755
20240812,020150,롯데에너지머티리얼즈,KOSPI,-,34400,850,2.53,33800,35150,33800,130366,4498642450,1586212724000,46110835
20240812,280360,롯데웰푸드,KOSPI,-,157500,3800,2.47,155500,161200,152500,18722,2949119100,1485945405000,9434574
20240812,286940,롯데이노베이트,KOSPI,-,23500,250,1.08,23250,23700,23150,28931,678686150,355540124500,15129367
20240812,004000,롯데정밀화학,KOSPI,-,44800,1300,2.99,43500,44800,43500,25114,1113547500,1155840000000,25800000
20240812,004990,롯데지주,KOSPI,-,23800,400,1.71,23500,23850,23450,54124,1282048250,2496839840600,104909237
20240812,00499K,롯데지주우,KOSPI,-,33550,-250,-0.74,33950,33950,33400,144,4821350,27027980650,805603
20240812,005300,롯데칠성,KOSPI,-,138500,-400,-0.29,140900,140900,137100,7270,1006929800,1285125434000,9278884
20240812,005305,롯데칠성우,KOSPI,-,67600,400,0.60,67200,68100,66800,1356,91396100,52410956000,775310
20240812,011170,롯데케미칼,KOSPI,-,81500,1700,2.13,80000,82200,80000,193901,15769335300,3486196648500,42775419
20240812,071840,롯데하이마트,KOSPI,-,8530,50,0.59,8400,8530,8350,24326,205410520,201373783360,23607712
20240812,027740,마니커,KOSPI,-,1050,7,0.67,1061,1061,1030,80275,83854512,66686789400,63511228
20240812,357430,마스턴프리미어리츠,KOSPI,-,2340,30,1.30,2315,2355,2310,57963,135074210,62197200000,26580000
20240812,001080,만호제강,KOSPI,-,47150,0,0.00,0,0,0,0,0,195672500000,4150000
20240812,088980,맥쿼리인프라,KOSPI,-,12200,190,1.58,12010,12210,12000,647410,7848434000,5316532531000,435781355
20240812,094800,맵스리얼티1,KOSPI,-,4300,50,1.18,4250,4310,4220,45449,194612000,399187623300,92834331
20240812,138040,메리츠금융지주,KOSPI,-,83200,1300,1.59,82500,83300,82000,165239,13706886400,15867913484800,190720114
20240812,090370,메타랩스,KOSPI,-,1735,7,0.41,1799,1799,1693,32351,56369920,43209635415,24904689
20240812,017180,명문제약,KOSPI,-,2660,110,4.31,2600,2670,2560,1254729,3293539715,90316187640,33953454
20240812,009900,명신산업,KOSPI,-,12020,460,3.98,11570,12030,11570,95227,1135967400,630690998660,52470133
20240812,012690,모나리자,KOSPI,-,3320,-175,-5.01,3500,3505,3310,1185057,3994954450,121416566600,36571255
20240812,005360,모나미,KOSPI,-,2615,40,1.55,2600,2615,2585,28985,75387190,49416457805,18897307
20240812,070960,모나용평,KOSPI,-,3500,70,2.04,3430,3550,3430,92192,322892175,168466665500,48133333
20240812,009680,모토닉,KOSPI,-,8740,0,0.00,8720,8770,8650,14410,125232100,288420000000,33000000
20240812,009580,무림P&P,KOSPI,-,3095,75,2.48,3010,3095,3000,84306,257159345,193029962780,62368324
20240812,009200,무림페이퍼,KOSPI,-,2130,40,1.91,2090,2140,2090,56122,118928490,88627830300,41609310
20240812,033920,무학,KOSPI,-,6180,50,0.82,6100,6280,6100,39948,246005400,176130000000,28500000
20240812,008420,문배철강,KOSPI,-,2530,20,0.80,2510,2560,2510,69134,175086105,51873867650,20503505
20240812,025560,미래산업,KOSPI,-,1870,33,1.80,1823,1887,1823,177260,329260513,58282037550,31166865
20240812,007120,미래아이앤지,KOSPI,-,1020,50,5.15,970,1096,970,396927,409815147,29456180160,28878608
20240812,396690,미래에셋글로벌리츠,KOSPI,-,3015,15,0.50,3045,3045,2985,13865,41632210,119411909100,39605940
20240812,357250,미래에셋맵스리츠,KOSPI,-,3095,25,0.81,3050,3105,3045,100862,309121895,77359849975,24995105
20240812,085620,미래에셋생명,KOSPI,-,5150,-20,-0.39,5170,5220,5080,34343,176823490,911633373350,177016189
20240812,006800,미래에셋증권,KOSPI,-,7940,180,2.32,7800,7990,7780,808929,6385652120,4726812279520,595316408
20240812,00680K,미래에셋증권2우B,KOSPI,-,3810,10,0.26,3800,3840,3790,153244,584971500,533400000000,140000000
20240812,006805,미래에셋증권우,KOSPI,-,4090,10,0.25,4080,4090,4070,10481,42765245,57569817500,14075750
20240812,002840,미원상사,KOSPI,-,199100,-400,-0.20,199500,200000,197900,860,171193300,945725000000,4750000
20240812,268280,미원에스씨,KOSPI,-,140100,200,0.14,140000,140100,138500,476,66619200,700500000000,5000000
20240812,107590,미원홀딩스,KOSPI,-,80000,-1300,-1.60,83000,83400,80000,522,42385300,185600000000,2320000
20240812,134380,미원화학,KOSPI,-,80600,100,0.12,81400,81400,80600,425,34377700,177261000800,2199268
20240812,003650,미창석유,KOSPI,-,89900,2400,2.74,87500,89900,87500,2382,212694500,156396512800,1739672
20240812,377740,바이오노트,KOSPI,-,4635,-75,-1.59,4755,4840,4620,282465,1323178160,473029782480,102056048
20240812,003610,방림,KOSPI,-,2740,85,3.20,2700,2800,2680,953185,2620299360,115940606600,42314090
20240812,001340,백광산업,KOSPI,-,9040,-160,-1.74,9120,9300,8880,483009,4380478650,406062399280,44918407
20240812,035150,백산,KOSPI,-,13530,-170,-1.24,13520,13790,13270,67415,906304080,294412800000,21760000
20240812,002410,범양건영,KOSPI,-,1347,24,1.81,1323,1349,1321,47402,63387715,33448679754,24831982
20240812,007210,벽산,KOSPI,-,2215,20,0.91,2220,2225,2185,394053,868618355,149645400000,67560000
20240812,002760,보락,KOSPI,-,1062,30,2.91,1040,1083,1035,99974,105957251,63613800000,59900000
20240812,003850,보령,KOSPI,-,10700,-90,-0.83,10790,10900,10600,198315,2117821620,734983000000,68690000
20240812,000890,보해양조,KOSPI,-,457,0,0.00,452,460,452,215345,98356207,63577898953,139120129
20240812,003000,부광약품,KOSPI,-,5480,110,2.05,5370,5630,5370,453258,2507535030,375131597080,68454671
20240812,001270,부국증권,KOSPI,-,26850,500,1.90,26300,27200,25900,4246,113327850,278431439100,10369886
20240812,001275,부국증권우,KOSPI,-,21600,-50,-0.23,21650,21650,21600,1217,26337600,64800000000,3000000
20240812,026940,부국철강,KOSPI,-,2665,50,1.91,2600,2670,2600,26585,70509320,53300000000,20000000
20240812,011390,부산산업,KOSPI,-,55800,1700,3.14,54100,57000,54100,5707,317089700,58924800000,1056000
20240812,005030,부산주공,KOSPI,-,486,0,0.00,0,0,0,0,0,38288532168,78782988
20240812,002070,비비안,KOSPI,-,802,12,1.52,790,802,790,33355,26498926,23894779980,29793990
20240812,100220,비상교육,KOSPI,-,4590,100,2.23,4445,4605,4445,15360,70195500,59655041190,12996741
20240812,090460,비에이치,KOSPI,-,21250,750,3.66,20650,21500,20600,359855,7630062550,732368053750,34464379
20240812,005180,빙그레,KOSPI,-,79300,300,0.38,78600,79600,77400,39423,3103693700,781203411300,9851241
20240812,003960,사조대림,KOSPI,-,63600,1100,1.76,62200,64600,61100,188801,11905595900,582860101200,9164467
20240812,008040,사조동아원,KOSPI,-,1078,0,0.00,1079,1094,1071,628730,681136183,152153878800,141144600
20240812,007160,사조산업,KOSPI,-,65500,6300,10.64,60500,69000,59100,676888,44030781800,327500000000,5000000
20240812,014710,사조씨푸드,KOSPI,-,7450,-300,-3.87,7680,7880,7440,1312255,10055453490,128278145350,17218543
20240812,006090,사조오양,KOSPI,-,10820,-10,-0.09,10790,11040,10750,61793,673075800,101954035980,9422739
20240812,062040,산일전기,KOSPI,-,44550,-1300,-2.84,46000,46200,43500,812386,36172390250,1356333660000,30445200
20240812,001470,삼부토건,KOSPI,-,1038,9,0.87,1030,1049,1007,10256119,10576861464,232109073312,223611824
20240812,028050,삼성E&A,KOSPI,-,27300,300,1.11,27150,27400,26700,440732,11934936800,5350800000000,196000000
20240812,448730,삼성FN리츠,KOSPI,-,4805,50,1.05,4755,4810,4755,63651,304622205,371426500000,77300000
20240812,006400,삼성SDI,KOSPI,-,319500,9500,3.06,311000,322500,311000,276860,88281686000,21970267335000,68764530
20240812,006405,삼성SDI우,KOSPI,-,207500,3000,1.47,203000,209000,203000,1805,373776500,335713420000,1617896
20240812,006660,삼성공조,KOSPI,-,12270,340,2.85,11720,12980,11680,876208,10947241940,99709872780,8126314
20240812,028260,삼성물산,KOSPI,-,142600,1500,1.06,142400,143000,140200,110283,15677882700,25352013658200,177784107
20240812,02826K,삼성물산우B,KOSPI,-,106400,-700,-0.65,108000,108000,105100,3688,393292500,156151576000,1467590
20240812,207940,삼성바이오로직스,KOSPI,-,950000,-10000,-1.04,962000,974000,944000,82141,78420487000,67615300000000,71174000
20240812,032830,삼성생명,KOSPI,-,89700,-300,-0.33,91100,91100,88400,99532,8897346000,17940000000000,200000000
20240812,018260,삼성에스디에스,KOSPI,-,141700,800,0.57,142100,143500,141100,86732,12326341700,10964434260000,77377800
20240812,009150,삼성전기,KOSPI,-,145800,2300,1.60,144100,147200,143800,204899,29910811500,10890340876800,74693696
20240812,009155,삼성전기우,KOSPI,-,67300,600,0.90,66700,68500,66700,5697,383972700,195640023200,2906984
20240812,005930,삼성전자,KOSPI,-,75500,800,1.07,75200,75900,74800,9839259,742667828012,450718582525000,5969782550
20240812,005935,삼성전자우,KOSPI,-,60100,600,1.01,59700,60400,59600,752193,45209594700,49455490670000,822886700
20240812,001360,삼성제약,KOSPI,-,1756,23,1.33,1734,1785,1718,654797,1153019112,165348610724,94162079
20240812,010140,삼성중공업,KOSPI,-,11130,190,1.74,11010,11280,10840,5431821,60154269970,9794400000000,880000000
20240812,016360,삼성증권,KOSPI,-,43900,250,0.57,43900,44250,43600,158611,6958928750,3920270000000,89300000
20240812,068290,삼성출판사,KOSPI,-,15400,110,0.72,15140,15750,15140,12444,191710630,154000000000,10000000
20240812,029780,삼성카드,KOSPI,-,40900,-300,-0.73,41600,41600,40500,16956,690583950,4738628641900,115858891
20240812,000810,삼성화재,KOSPI,-,354500,3500,1.00,355500,357000,350000,48598,17167952500,16794379716500,47374837
20240812,000815,삼성화재우,KOSPI,-,264500,-2000,-0.75,264500,267000,263500,6860,1822089000,844284000000,3192000
20240812,006110,삼아알미늄,KOSPI,-,46800,700,1.52,46100,47300,45850,25449,1183832150,688517668800,14711916
20240812,145990,삼양사,KOSPI,-,47000,-100,-0.21,47100,47450,46500,9550,448445450,484732103000,10313449
20240812,145995,삼양사우,KOSPI,-,29150,-100,-0.34,29250,29250,28850,172,4971950,10787540500,370070
20240812,003230,삼양식품,KOSPI,-,587000,-12000,-2.00,601000,604000,568000,124211,72091617000,4421879805000,7533015
20240812,002170,삼양통상,KOSPI,-,45900,650,1.44,45000,46600,45000,12346,561300750,137700000000,3000000
20240812,272550,삼양패키징,KOSPI,-,18960,50,0.26,18910,18990,18770,11770,221951630,299353202160,15788671
20240812,000070,삼양홀딩스,KOSPI,-,68600,100,0.15,68500,68900,68300,3525,241835900,587508990600,8564271
20240812,000075,삼양홀딩스우,KOSPI,-,53000,100,0.19,53000,53400,53000,676,35891800,16115074000,304058
20240812,003720,삼영,KOSPI,-,3675,105,2.94,3540,3740,3540,185059,669976815,124950000000,34000000
20240812,002810,삼영무역,KOSPI,-,12990,-10,-0.08,13010,13040,12940,2998,38863310,239885654520,18466948
20240812,005680,삼영전자,KOSPI,-,8780,30,0.34,8710,8840,8710,22034,192934430,175600000000,20000000
20240812,023000,삼원강재,KOSPI,-,2595,35,1.37,2560,2640,2560,18266,47434335,103800000000,40000000
20240812,004380,삼익THK,KOSPI,-,10200,50,0.49,10150,10290,10110,17653,180338710,214200000000,21000000
20240812,002450,삼익악기,KOSPI,-,1076,6,0.56,1076,1080,1069,24807,26681599,97411264540,90530915
20240812,004440,삼일씨엔에스,KOSPI,-,4450,30,0.68,4420,4450,4340,16500,72935715,56657164150,12731947
20240812,000520,삼일제약,KOSPI,-,10380,-620,-5.64,10830,10930,10330,641924,6768210080,219402423300,21137035
20240812,009770,삼정펄프,KOSPI,-,26250,250,0.96,26500,26500,25850,1155,30173900,65624238750,2499971
20240812,005500,삼진제약,KOSPI,-,19520,1010,5.46,19100,19740,19100,114359,2223131750,271328000000,13900000
20240812,004690,삼천리,KOSPI,-,89400,1200,1.36,88200,89500,88200,8650,768699300,362519235000,4055025
20240812,010960,삼호개발,KOSPI,-,3450,10,0.29,3465,3485,3425,24535,84497560,86250000000,25000000
20240812,004450,삼화왕관,KOSPI,-,31400,1300,4.32,30400,32900,29850,1733,54525150,67647500600,2154379
20240812,009470,삼화전기,KOSPI,-,44500,-1850,-3.99,46700,47200,44350,135709,6138842150,294314990000,6613820
20240812,011230,삼화전자,KOSPI,-,3590,20,0.56,3570,3665,3570,16442,59408715,60680693000,16902700
20240812,001820,삼화콘덴서,KOSPI,-,39400,450,1.16,38800,39750,38800,23196,914852200,409563000000,10395000
20240812,000390,삼화페인트,KOSPI,-,7050,70,1.00,7050,7130,6980,78949,556158050,191784456450,27203469
20240812,001290,상상인증권,KOSPI,-,539,-4,-0.74,543,544,530,192378,103224248,58393707680,108337120
20240812,041650,상신브레이크,KOSPI,-,3460,60,1.76,3435,3490,3395,37671,130171710,74291217000,21471450
20240812,075180,새론오토모티브,KOSPI,-,3895,20,0.52,3875,3895,3850,6991,27201950,74784000000,19200000
20240812,007540,샘표,KOSPI,-,49900,100,0.20,49600,50500,49600,1970,98735700,143502420000,2875800
20240812,248170,샘표식품,KOSPI,-,30150,50,0.17,30900,30900,30100,10221,309517600,137733822900,4568286
20240812,007860,서연,KOSPI,-,7550,160,2.17,7420,7560,7360,107541,802507910,177272822200,23479844
20240812,200880,서연이화,KOSPI,-,14860,450,3.12,14450,15130,14450,209102,3097554320,401642573820,27028437
20240812,017390,서울가스,KOSPI,-,54500,400,0.74,53800,54600,53800,3555,193328300,272500000000,5000000
20240812,004410,서울식품,KOSPI,-,171,1,0.59,170,174,169,1772113,303420524,64083200589,374755559
20240812,004415,서울식품우,KOSPI,-,1349,-6,-0.44,1393,1393,1333,2076,2778209,3000850500,2224500
20240812,021050,서원,KOSPI,-,1207,13,1.09,1191,1224,1191,106571,128202561,57301830130,47474590
20240812,008490,서흥,KOSPI,-,17700,250,1.43,17700,17810,17410,13061,229512460,204773300100,11569113
20240812,007610,선도전기,KOSPI,-,3000,0,0.00,0,0,0,0,0,54000000000,18000000
20240812,136490,선진,KOSPI,-,6680,30,0.45,6650,6780,6650,28035,187544200,158847754720,23779604
20240812,014910,성문전자,KOSPI,-,1235,37,3.09,1201,1237,1201,33439,40777352,27739316475,22460985
20240812,014915,성문전자우,KOSPI,-,5390,180,3.45,5210,5400,5210,206,1078840,3234000000,600000
20240812,003080,성보화학,KOSPI,-,2620,45,1.75,2585,2640,2575,30639,79597035,52452400000,20020000
20240812,004980,성신양회,KOSPI,-,8570,40,0.47,8600,8670,8480,53875,460769060,210102745610,24516073
20240812,004985,성신양회우,KOSPI,-,11790,90,0.77,11800,11800,11670,1741,20356320,8673254550,735645
20240812,011300,성안머티리얼스,KOSPI,-,959,57,6.32,905,964,898,452907,422108221,70288953672,73294008
20240812,000180,성창기업지주,KOSPI,-,1671,-18,-1.07,1688,1718,1667,20177,34027129,116554923600,69751600
20240812,002420,세기상사,KOSPI,-,5810,40,0.69,5770,5830,5690,10936,62931820,32296906880,5558848
20240812,004360,세방,KOSPI,-,13160,240,1.86,12900,13180,12890,50610,661759590,254102360400,19308690
20240812,004365,세방우,KOSPI,-,7510,130,1.76,7440,8050,7350,27547,211109380,27706267500,3689250
20240812,004490,세방전지,KOSPI,-,88800,1300,1.49,87600,90600,87500,58860,5220393800,1243200000000,14000000
20240812,001430,세아베스틸지주,KOSPI,-,18390,320,1.77,18070,18430,18070,39117,716930250,659504368410,35862119
20240812,306200,세아제강,KOSPI,-,120500,400,0.33,121900,121900,119600,3343,402068400,341774150000,2836300
20240812,003030,세아제강지주,KOSPI,-,168900,4900,2.99,165600,169500,163000,4791,804464300,699525867300,4141657
20240812,019440,세아특수강,KOSPI,-,13570,120,0.89,13460,13570,13360,3323,44848960,116294900000,8570000
20240812,058650,세아홀딩스,KOSPI,-,104400,1500,1.46,103500,104500,103000,61,6345600,417600000000,4000000
20240812,013000,세우글로벌,KOSPI,-,1322,32,2.48,1281,1346,1269,78312,103571353,37948050982,28705031
20240812,091090,세원이앤씨,KOSPI,-,1270,0,0.00,0,0,0,0,0,54838923850,43180255
20240812,021820,세원정공,KOSPI,-,7960,-60,-0.75,7950,8080,7900,16922,135117240,79600000000,10000000
20240812,067830,세이브존I&C,KOSPI,-,2130,0,0.00,2130,2180,2100,44379,94224080,87417106350,41040895
20240812,075580,세진중공업,KOSPI,-,8050,-310,-3.71,8390,8400,7870,884444,7076406010,457638120800,56849456
20240812,068270,셀트리온,KOSPI,-,200000,4000,2.04,199600,204000,198600,955783,192124468100,43398644600000,216993223
20240812,336370,솔루스첨단소재,KOSPI,-,13740,220,1.63,13530,13900,13460,158860,2184254830,964786306560,70217344
20240812,33637K,솔루스첨단소재1우,KOSPI,-,2640,15,0.57,2650,2650,2595,10186,26818840,44639142240,16908766
20240812,33637L,솔루스첨단소재2우B,KOSPI,-,5670,60,1.07,5510,5800,5510,1170,6536770,21422938320,3778296
20240812,248070,솔루엠,KOSPI,-,17460,190,1.10,17270,17530,17090,175651,3052005420,873096920460,50005551
20240812,004430,송원산업,KOSPI,-,10900,140,1.30,10710,10940,10710,18929,206139480,261600000000,24000000
20240812,126720,수산인더스트리,KOSPI,-,21950,100,0.46,21850,22100,21700,16499,361373450,313577700000,14286000
20240812,017550,수산중공업,KOSPI,-,1918,14,0.74,1907,1941,1903,173244,331266355,119681531340,62399130
20240812,053210,스카이라이프,KOSPI,-,4960,20,0.40,4950,5000,4930,16768,83130175,235713856800,47522955
20240812,204210,스타에스엠리츠,KOSPI,-,3140,40,1.29,3100,3150,3100,32184,100463510,24576199100,7826815
20240812,026890,스틱인베스트먼트,KOSPI,-,10020,10,0.10,10000,10100,9960,30929,310212840,417615313500,41678175
20240812,134790,시디즈,KOSPI,-,27400,400,1.48,27000,27450,26900,1439,39063350,54800000000,2000000
20240812,462870,시프트업,KOSPI,-,75500,3900,5.45,70900,76900,70800,1288432,96328430500,4380941860000,58025720
20240812,016590,신대양제지,KOSPI,-,5650,-40,-0.70,5650,5750,5580,33717,190072350,227682683000,40297820
20240812,029530,신도리코,KOSPI,-,37100,-200,-0.54,37400,37400,36700,6233,230335700,373969075900,10080029
20240812,004970,신라교역,KOSPI,-,10370,-100,-0.96,10580,10580,10260,12796,132983800,165920000000,16000000
20240812,011930,신성이엔지,KOSPI,-,1720,21,1.24,1691,1729,1691,603458,1035125870,354058819720,205848151
20240812,005390,신성통상,KOSPI,-,2260,-10,-0.44,2250,2285,2250,126378,286512090,324780961400,143708390
20240812,004170,신세계,KOSPI,-,147600,4500,3.14,144400,148100,143400,24350,3559437700,1453148715600,9845181
20240812,035510,신세계 I&C,KOSPI,-,9450,120,1.29,9440,9530,9340,21971,207292810,162540000000,17200000
20240812,034300,신세계건설,KOSPI,-,13230,200,1.53,13200,13290,12860,3637,47888430,102672129420,7760554
20240812,031430,신세계인터내셔날,KOSPI,-,13530,250,1.88,13260,13750,13260,38136,516210030,483021000000,35700000
20240812,031440,신세계푸드,KOSPI,-,36500,150,0.41,36950,37000,36250,2353,85761550,141345520000,3872480
20240812,006880,신송홀딩스,KOSPI,-,7040,-10,-0.14,7120,7130,7020,37232,263337950,83275160320,11828858
20240812,005800,신영와코루,KOSPI,-,9020,170,1.92,8800,9150,8800,6396,57267740,81180000000,9000000
20240812,001720,신영증권,KOSPI,-,74000,-900,-1.20,74200,75100,74000,2715,202775800,1216560000000,16440000
20240812,009270,신원,KOSPI,-,1271,4,0.32,1265,1288,1258,240855,306120735,130387258476,102586356
20240812,002700,신일전자,KOSPI,-,1523,0,0.00,1523,1538,1514,236879,361192284,108205374483,71047521
20240812,002870,신풍,KOSPI,-,1022,2,0.20,1010,1064,1010,155513,161754934,35727791400,34958700
20240812,019170,신풍제약,KOSPI,-,17900,4130,29.99,15000,17900,14960,10787313,183060231510,948431321000,52984990
20240812,019175,신풍제약우,KOSPI,-,32350,7450,29.92,28300,32350,28300,102300,3217351650,71170000000,2200000
20240812,481850,신한글로벌액티브리츠,KOSPI,-,2755,-5,-0.18,2755,2775,2735,105661,290421225,119780964320,43477664
20240812,404990,신한서부티엔디리츠,KOSPI,-,3950,80,2.07,3890,3985,3890,55587,218225730,221025741800,55955884
20240812,293940,신한알파리츠,KOSPI,-,6660,-20,-0.30,6670,6700,6590,128251,851258910,586746819180,88100123
20240812,055550,신한지주,KOSPI,-,54100,100,0.19,54400,54700,53600,843671,45546120200,27558172877400,509393214
20240812,004080,신흥,KOSPI,-,14200,0,0.00,14100,14280,14080,1635,23183100,134900000000,9500000
20240812,102280,쌍방울,KOSPI,-,269,0,0.00,0,0,0,0,0,70637282701,262592129
20240812,004770,써니전자,KOSPI,-,1533,45,3.02,1482,1535,1482,207209,314916636,56265521172,36702884
20240812,403550,쏘카,KOSPI,-,19010,-90,-0.47,19110,19470,18940,5163,98782950,623621187020,32804902
20240812,004920,씨아이테크,KOSPI,-,1088,1,0.09,1094,1099,1077,37489,40680685,54471582784,50065793
20240812,112610,씨에스윈드,KOSPI,-,65400,2900,4.64,63100,67000,63000,1402851,91373931800,2758009756200,42171403
20240812,308170,씨티알모빌리티,KOSPI,-,6310,-90,-1.41,6420,6460,6180,7852,49856800,54329100000,8610000
20240812,008700,아남전자,KOSPI,-,1354,15,1.12,1339,1355,1339,141035,190349116,104427006280,77124820
20240812,002790,아모레G,KOSPI,-,24750,100,0.41,25000,25250,24600,218501,5421797000,2040839955000,82458180
20240812,00279K,아모레G3우(전환),KOSPI,-,18700,100,0.54,19000,19000,18650,3560,66752190,132624140000,7092200
20240812,002795,아모레G우,KOSPI,-,9390,20,0.21,9550,9550,9320,3765,35566930,60507000300,6443770
20240812,090430,아모레퍼시픽,KOSPI,-,120600,1600,1.34,118700,122400,118700,426132,51485158000,7054226735400,58492759
20240812,090435,아모레퍼시픽우,KOSPI,-,35600,0,0.00,36050,36400,35250,19050,685309650,375858748000,10557830
20240812,002030,아세아,KOSPI,-,244000,-7500,-2.98,250500,252500,244000,2245,556444000,516218112000,2115648
20240812,183190,아세아시멘트,KOSPI,-,11200,0,0.00,11100,11230,10960,63636,707353520,431221123200,38501886
20240812,002310,아세아제지,KOSPI,-,8140,50,0.62,8090,8160,8070,25772,209288530,364529631400,44782510
20240812,012170,아센디오,KOSPI,-,676,-17,-2.45,695,700,665,1315134,889639251,70012973888,103569488
20240812,267850,아시아나IDT,KOSPI,-,15580,220,1.43,15400,15810,15400,15321,239366610,172938000000,11100000
20240812,020560,아시아나항공,KOSPI,-,9710,90,0.94,9620,9720,9620,56650,547915300,722538228440,74411764
20240812,122900,아이마켓코리아,KOSPI,-,8500,0,0.00,8500,8650,8470,22723,193219290,284145140000,33428840
20240812,010780,아이에스동서,KOSPI,-,22200,150,0.68,21900,22300,21750,18204,400536000,670150867200,30186976
20240812,139990,아주스틸,KOSPI,-,5880,180,3.16,5700,5910,5650,114138,659073690,155538871320,26452189
20240812,001780,알루코,KOSPI,-,2525,75,3.06,2480,2530,2460,263177,658874195,244496083300,96830132
20240812,018250,애경산업,KOSPI,-,18460,-40,-0.22,18500,18810,18350,51034,945820170,487527400100,26409935
20240812,161000,애경케미칼,KOSPI,-,9920,270,2.80,9750,9970,9750,74841,740501570,482595193280,48648709
20240812,011090,에넥스,KOSPI,-,642,-6,-0.93,651,654,633,148709,96076531,38514633522,59991641
20240812,137310,에스디바이오센서,KOSPI,-,13250,500,3.92,13100,13490,12650,3453262,45435090600,1649324927250,124477353
20240812,118000,에스메디,KOSPI,-,409,-1,-0.24,408,412,408,76676,31425532,58395941467,142777363
20240812,005850,에스엘,KOSPI,-,34400,1000,2.99,33800,34650,33700,80254,2745305950,1597829088000,46448520
20240812,010580,에스엠벡셀,KOSPI,-,1294,15,1.17,1279,1306,1279,4818,6235310,143959777440,111251760
20240812,012750,에스원,KOSPI,-,55900,900,1.64,55600,55900,55000,10698,594748300,2124154050200,37999178
20240812,033530,에스제이지세종,KOSPI,-,4675,40,0.86,4635,4680,4595,33406,155384180,130062992675,27820961
20240812,023960,에쓰씨엔지니어링,KOSPI,-,1436,10,0.70,1426,1480,1413,134720,195318759,47203158080,32871280
20240812,298690,에어부산,KOSPI,-,2390,20,0.84,2370,2420,2355,64104,153883905,278769600000,116640000
20240812,140910,에이리츠,KOSPI,-,3130,0,0.00,0,0,0,0,0,13969290160,4463032
20240812,078520,에이블씨엔씨,KOSPI,-,8050,370,4.82,7690,8110,7600,161209,1274417800,209413996050,26014161
20240812,015260,에이엔피,KOSPI,-,727,36,5.21,691,730,691,24689,17674823,32799981938,45116894
20240812,007460,에이프로젠,KOSPI,-,1603,-48,-2.91,1620,1634,1544,10069714,16061731951,445774307384,278087528
20240812,003060,에이프로젠바이오로직스,KOSPI,-,1103,21,1.94,1089,1110,1048,2797524,3047354692,145958389547,132328549
20240812,244920,에이플러스에셋,KOSPI,-,3880,-30,-0.77,3910,3950,3860,23805,92331735,87717848840,22607693
20240812,278470,에이피알,KOSPI,-,247000,20000,8.81,231500,254000,231500,204234,50196614000,1882183966000,7620178
20240812,450080,에코프로머티,KOSPI,-,85600,2300,2.76,84000,86800,82500,598858,50945077500,5912443188800,69070598
20240812,036570,엔씨소프트,KOSPI,-,183600,600,0.33,183000,184500,180600,37916,6933817700,4030758439200,21954022
20240812,085310,엔케이,KOSPI,-,882,20,2.32,864,882,864,95991,84011762,70545316464,79983352
20240812,900140,엘브이엠씨홀딩스,KOSPI,-,2390,5,0.21,2380,2455,2380,356467,859933530,410096302290,171588411
20240812,066970,엘앤에프,KOSPI,-,91200,-100,-0.11,91300,93800,90200,161027,14791110100,3310080105600,36294738
20240812,097520,엠씨넥스,KOSPI,-,19440,750,4.01,18850,19510,18850,66187,1274103870,349487110080,17977732
20240812,014440,영보화학,KOSPI,-,3530,90,2.62,3420,3540,3420,26619,93004855,70600000000,20000000
20240812,111770,영원무역,KOSPI,-,38200,150,0.39,38500,38550,37850,35422,1349811600,1692698077600,44311468
20240812,009970,영원무역홀딩스,KOSPI,-,78700,-100,-0.13,79500,79500,77500,4787,372828600,1073121090400,13635592
20240812,003520,영진약품,KOSPI,-,2580,40,1.57,2560,2600,2520,343876,878667570,471863245980,182892731
20240812,000670,영풍,KOSPI,-,308000,3000,0.98,303500,310000,301500,658,201170000,567348320000,1842040
20240812,006740,영풍제지,KOSPI,-,1510,31,2.10,1476,1544,1471,384701,585320522,70188043480,46482148
20240812,012280,영화금속,KOSPI,-,830,-6,-0.72,850,850,826,116058,96609017,42881539150,51664505
20240812,012160,영흥,KOSPI,-,516,12,2.38,504,516,503,135801,68801906,52276151952,101310372
20240812,015360,예스코홀딩스,KOSPI,-,44250,550,1.26,43300,44250,43300,6047,266177750,265500000000,6000000
20240812,007310,오뚜기,KOSPI,-,408500,500,0.12,409500,411000,404000,2154,874929000,1637198555000,4007830
20240812,002630,오리엔트바이오,KOSPI,-,512,7,1.39,508,519,505,86722,44418066,60714498560,118583005
20240812,271560,오리온,KOSPI,-,90100,1400,1.58,88900,90300,88100,89403,8012614200,3562205493200,39536132
20240812,001800,오리온홀딩스,KOSPI,-,15090,-90,-0.59,15300,15300,15070,56144,848762990,945319417980,62645422
20240812,011690,와이투솔루션,KOSPI,-,2755,20,0.73,2735,2800,2730,25614,70490090,100762455470,36574394
20240812,316140,우리금융지주,KOSPI,-,14750,80,0.55,14650,14820,14640,1760105,25943913130,10953224639750,742591501
20240812,006980,우성,KOSPI,-,15780,440,2.87,15340,15920,15340,3259,50984080,48760200000,3090000
20240812,017370,우신시스템,KOSPI,-,5930,-40,-0.67,5970,6100,5900,25241,150512150,108602340220,18314054
20240812,105840,우진,KOSPI,-,8290,420,5.34,7870,8600,7850,425083,3499444550,168482760060,20323614
20240812,010400,우진아이엔에스,KOSPI,-,3555,125,3.64,3430,3580,3430,2097,7345750,27096210000,7622000
20240812,049800,우진플라임,KOSPI,-,2300,25,1.10,2335,2365,2250,12617,28992580,46000000000,20000000
20240812,016880,웅진,KOSPI,-,1018,11,1.09,1003,1018,1003,92301,93563519,81365767440,79927080
20240812,095720,웅진씽크빅,KOSPI,-,1819,47,2.65,1772,1819,1768,69712,125660988,210105386715,115505985
20240812,005820,원림,KOSPI,-,15420,-40,-0.26,15460,15540,15420,675,10428490,35434697400,2297970
20240812,010600,웰바이오텍,KOSPI,-,545,0,0.00,0,0,0,0,0,49553256815,90923407
20240812,008600,윌비스,KOSPI,-,439,6,1.39,433,440,431,23929,10423649,29516621121,67236039
20240812,033270,유나이티드제약,KOSPI,-,23150,250,1.09,22700,23250,22700,25821,595021100,378127979300,16333822
20240812,014830,유니드,KOSPI,-,82800,3800,4.81,79000,83200,79000,28610,2348235700,560357280000,6767600
20240812,446070,유니드비티플러스,KOSPI,-,4290,40,0.94,4250,4345,4250,6389,27433410,45522112350,10611215
20240812,000910,유니온,KOSPI,-,4500,10,0.22,4460,4555,4460,43827,198150700,70252285500,15611619
20240812,047400,유니온머티리얼,KOSPI,-,2330,50,2.19,2280,2340,2270,88283,204119850,97860000000,42000000
20240812,011330,유니켐,KOSPI,-,1524,-31,-1.99,1556,1580,1481,136500,210444253,147642326508,96878167
20240812,077500,유니퀘스트,KOSPI,-,5020,85,1.72,4945,5120,4930,37298,188240860,109405955300,21794015
20240812,002920,유성기업,KOSPI,-,2365,40,1.72,2330,2375,2330,22867,53825150,61365837500,25947500
20240812,000700,유수홀딩스,KOSPI,-,5310,0,0.00,5300,5340,5240,18392,97109120,138282021720,26041812
20240812,003470,유안타증권,KOSPI,-,2880,10,0.35,2865,2885,2855,81796,234825735,574838138880,199596576
20240812,003475,유안타증권우,KOSPI,-,3065,0,0.00,3070,3100,3040,33726,103182030,39575929780,12912212
20240812,072130,유엔젤,KOSPI,-,3105,-15,-0.48,3170,3195,3095,22072,69366935,40971884670,13195454
20240812,000220,유유제약,KOSPI,-,5140,60,1.18,5090,5180,5080,120898,619969850,87546284140,17032351
20240812,000225,유유제약1우,KOSPI,-,5060,10,0.20,5000,5200,4995,6957,35243005,11470665800,2266930
20240812,000227,유유제약2우B,KOSPI,-,11650,60,0.52,11500,11680,11500,780,9060800,3792774000,325560
20240812,001200,유진투자증권,KOSPI,-,4655,195,4.37,4450,4760,4410,384784,1784650430,450913175790,96866418
20240812,000100,유한양행,KOSPI,-,87300,-1500,-1.69,89300,90100,85800,783976,68545113800,7002251287200,80209064
20240812,000105,유한양행우,KOSPI,-,73300,100,0.14,73500,74500,71700,5316,388884000,86562902000,1180940
20240812,003460,유화증권,KOSPI,-,2290,95,4.33,2195,2290,2170,28642,63673550,129848530350,56702415
20240812,003465,유화증권우,KOSPI,-,2150,35,1.65,2115,2150,2105,280,593315,37574313750,17476425
20240812,008730,율촌화학,KOSPI,-,21400,0,0.00,21250,21950,21150,51834,1111375350,530720000000,24800000
20240812,008250,이건산업,KOSPI,-,5480,120,2.24,5310,5480,5300,11747,63104510,60020439800,10952635
20240812,025820,이구산업,KOSPI,-,4420,75,1.73,4345,4420,4335,193369,847374805,147813640000,33442000
20240812,214320,이노션,KOSPI,-,18980,250,1.33,18750,19050,18740,34055,645128990,759200000000,40000000
20240812,088260,이리츠코크렙,KOSPI,-,5250,10,0.19,5240,5270,5200,61880,323961770,332543347500,63341590
20240812,139480,이마트,KOSPI,-,60800,1200,2.01,60100,61100,59700,89247,5395511600,1694849795200,27875819
20240812,457190,이수스페셜티케미컬,KOSPI,-,32350,1150,3.69,31400,33400,30500,331530,10760070200,977237858000,30208280
20240812,007660,이수페타시스,KOSPI,-,40400,1300,3.32,39600,41950,39200,1956560,80049808300,2555155327600,63246419
20240812,005950,이수화학,KOSPI,-,8130,140,1.75,7910,8220,7910,49263,399163770,184735868070,22722739
20240812,015020,이스타코,KOSPI,-,666,1,0.15,665,678,650,34509,22971619,28539165600,42851600
20240812,093230,이아이디,KOSPI,-,1392,0,0.00,0,0,0,0,0,354103029120,254384360
20240812,074610,이엔플러스,KOSPI,-,1960,128,6.99,1886,2030,1853,1592868,3092542690,142781360680,72847633
20240812,102460,이연제약,KOSPI,-,14560,680,4.90,13750,14690,13750,82577,1192756080,270623968160,18586811
20240812,084680,이월드,KOSPI,-,1763,27,1.56,1720,1766,1720,224784,394270688,250004318259,141806193
20240812,350520,이지스레지던스리츠,KOSPI,-,3975,40,1.02,3940,3975,3900,76669,302796155,112725502575,28358617
20240812,334890,이지스밸류리츠,KOSPI,-,5280,10,0.19,5250,5280,5220,75077,393871610,271621516320,51443469
20240812,000760,이화산업,KOSPI,-,13620,80,0.59,13640,13640,13420,14,189340,38136000000,2800000
20240812,014990,인디에프,KOSPI,-,644,0,0.00,644,652,635,278086,178132384,48372768780,75112995
20240812,101140,인바이오젠,KOSPI,-,9340,0,0.00,0,0,0,0,0,93812977440,10044216
20240812,006490,인스코비,KOSPI,-,1012,84,9.05,931,1062,928,1144033,1160536797,120801425976,119368998
20240812,023800,인지컨트롤스,KOSPI,-,6350,120,1.93,6230,6400,6200,80817,510749730,100388400950,15809197
20240812,034590,인천도시가스,KOSPI,-,25800,150,0.58,25700,25800,25550,1209,31116450,112868653200,4374754
20240812,129260,인터지스,KOSPI,-,2165,5,0.23,2140,2195,2140,36003,77913220,64404147210,29747874
20240812,023810,인팩,KOSPI,-,7210,120,1.69,7090,7240,7030,9447,67475550,72100000000,10000000
20240812,249420,일동제약,KOSPI,-,15450,450,3.00,15460,16080,15100,733591,11525687330,433565640450,28062501
20240812,000230,일동홀딩스,KOSPI,-,9200,860,10.31,8520,9620,8430,540972,4993734550,106171680000,11540400
20240812,013360,일성건설,KOSPI,-,1500,3,0.20,1506,1514,1485,132719,198573320,81037320000,54024880
20240812,003120,일성아이에스,KOSPI,-,16940,460,2.79,16470,16990,16440,2535,41922990,225302000000,13300000
20240812,003200,일신방직,KOSPI,-,8070,60,0.75,8010,8170,8010,91353,737908790,187869600000,23280000
20240812,007110,일신석재,KOSPI,-,1243,-22,-1.74,1280,1280,1236,923404,1156696263,96278566230,77456610
20240812,007570,일양약품,KOSPI,-,15260,450,3.04,14810,15550,14810,193110,2951172460,291247232640,19085664
20240812,007575,일양약품우,KOSPI,-,13290,300,2.31,12900,13290,12900,2620,34577260,5915113200,445080
20240812,008500,일정실업,KOSPI,-,11620,140,1.22,11830,12000,11410,2350,27067110,13944000000,1200000
20240812,081000,일진다이아,KOSPI,-,13310,160,1.22,13200,13500,13160,21325,283190010,189041597250,14202975
20240812,020760,일진디스플,KOSPI,-,1109,0,0.00,1109,1120,1085,68900,75462262,57128738769,51513741
20240812,103590,일진전기,KOSPI,-,23700,250,1.07,23750,23800,22950,454778,10668493100,1130143743000,47685390
20240812,271940,일진하이솔루스,KOSPI,-,20750,650,3.23,20300,21000,20300,21026,436325000,753498692500,36313190
20240812,015860,일진홀딩스,KOSPI,-,3910,50,1.30,3880,3915,3835,53967,209471630,192948658530,49347483
20240812,226320,잇츠한불,KOSPI,-,12460,130,1.05,12240,12590,12240,18345,228127890,273239264900,21929315
20240812,317400,자이에스앤디,KOSPI,-,4805,135,2.89,4675,4810,4640,80143,381129900,186350008600,38782520
20240812,033240,자화전자,KOSPI,-,19900,1170,6.25,18750,19900,18750,145613,2854867480,440901813000,22155870
20240812,000950,전방,KOSPI,-,19020,110,0.58,19990,19990,18910,317,6014330,31953600000,1680000
20240812,348950,제이알글로벌리츠,KOSPI,-,3750,70,1.90,3670,3755,3670,387680,1440081595,740160000000,197376000
20240812,194370,제이에스코퍼레이션,KOSPI,-,15240,40,0.26,15200,15420,14910,34344,521110800,203234559240,13335601
20240812,025620,제이준코스메틱,KOSPI,-,5580,10,0.18,5520,5640,5520,10178,56896740,25025440680,4484846
20240812,030000,제일기획,KOSPI,-,17390,300,1.76,17180,17440,17140,199835,3465043590,2000566902750,115041225
20240812,271980,제일약품,KOSPI,-,15230,-110,-0.72,15520,15900,15230,45727,711377640,223955200560,14704872
20240812,001560,제일연마,KOSPI,-,8450,110,1.32,8400,8650,8370,4566,38913170,83655000000,9900000
20240812,002620,제일파마홀딩스,KOSPI,-,9020,40,0.45,9070,9260,8980,17300,157768520,144079662100,15973355
20240812,006220,제주은행,KOSPI,-,9350,110,1.19,9260,9360,9240,107885,1002123210,300404036900,32128774
20240812,089590,제주항공,KOSPI,-,8730,30,0.34,8710,8820,8660,83868,734426510,703995799050,80640985
20240812,004910,조광페인트,KOSPI,-,7700,130,1.72,7740,7740,7430,25997,198936470,98560000000,12800000
20240812,004700,조광피혁,KOSPI,-,54700,1000,1.86,53600,54700,53500,867,47145900,363707848600,6649138
20240812,001550,조비,KOSPI,-,11820,240,2.07,11590,11840,11580,14776,173459430,61372264980,5192239
20240812,462520,조선내화,KOSPI,-,17300,10,0.06,17030,17520,17030,10456,180680400,205094406400,11855168
20240812,120030,조선선재,KOSPI,-,95300,-300,-0.31,95000,95700,94400,937,89029100,119854140300,1257651
20240812,018470,조일알미늄,KOSPI,-,1720,40,2.38,1680,1720,1675,277250,472443738,217806560120,126631721
20240812,002600,조흥,KOSPI,-,172000,2300,1.36,177700,177700,168600,33,5726600,103200000000,600000
20240812,185750,종근당,KOSPI,-,118500,-1100,-0.92,120300,121700,116500,45289,5355132500,1561168770000,13174420
20240812,063160,종근당바이오,KOSPI,-,27200,100,0.37,27650,27900,26800,29135,794538500,149218166400,5485962
20240812,001630,종근당홀딩스,KOSPI,-,52800,-100,-0.19,52400,53200,52300,1470,77513100,264520660800,5009861
20240812,109070,주성코퍼레이션,KOSPI,-,4100,0,0.00,0,0,0,0,0,216521943000,52810230
20240812,044380,주연테크,KOSPI,-,382,12,3.24,370,395,370,62524,23733677,22614111208,59199244
20240812,013890,지누스,KOSPI,-,16000,620,4.03,15500,16200,15400,217047,3468647310,331763264000,20735204
20240812,013870,지엠비코리아,KOSPI,-,4070,85,2.13,3975,4070,3975,17055,68762850,77624179600,19072280
20240812,071320,지역난방공사,KOSPI,-,41600,0,0.00,41750,42150,40800,9786,405816500,481675750400,11578744
20240812,088790,진도,KOSPI,-,1860,0,0.00,1859,1870,1846,10489,19485755,23152803840,12447744
20240812,003780,진양산업,KOSPI,-,6200,30,0.49,6180,6220,6150,12961,80071850,80600000000,13000000
20240812,010640,진양폴리,KOSPI,-,6270,180,2.96,6050,6300,6050,18038,111770540,62700000000,10000000
20240812,100250,진양홀딩스,KOSPI,-,3175,5,0.16,3175,3185,3150,14719,46608080,177467552100,55895292
20240812,051630,진양화학,KOSPI,-,3210,0,0.00,3210,3230,3100,25091,79142730,50718000000,15800000
20240812,272450,진에어,KOSPI,-,9790,0,0.00,9700,9870,9700,125645,1226451650,511038000000,52200000
20240812,011000,진원생명과학,KOSPI,-,4215,5,0.12,4215,4545,4075,5997741,25672382710,337364532525,80039035
20240812,002780,진흥기업,KOSPI,-,876,11,1.27,865,880,865,188365,164124385,127433248620,145471745
20240812,002787,진흥기업2우B,KOSPI,-,12490,20,0.16,12790,12790,12400,30,377070,3682151920,294808
20240812,002785,진흥기업우B,KOSPI,-,4155,-45,-1.07,4200,4200,4100,441,1814780,3561740790,857218
20240812,009310,참엔지니어링,KOSPI,-,426,-4,-0.93,426,435,426,142919,61317539,36153520494,84867419
20240812,000650,천일고속,KOSPI,-,43100,-200,-0.46,43300,43600,42900,62,2685850,61599382000,1429220
20240812,012600,청호ICT,KOSPI,-,2490,0,0.00,0,0,0,0,0,116119947330,46634517
20240812,033250,체시스,KOSPI,-,1361,28,2.10,1333,1370,1332,84574,114366429,43552000000,32000000
20240812,035720,카카오,KOSPI,-,37100,100,0.27,37100,37700,36800,1342896,49948817100,16453547375300,443491843
20240812,323410,카카오뱅크,KOSPI,-,21850,300,1.39,21600,22050,21550,571090,12473237100,10420836093450,476926137
20240812,377300,카카오페이,KOSPI,-,24950,650,2.67,24300,25000,24300,140474,3474714100,3357296600700,134560986
20240812,006380,카프로,KOSPI,-,3660,0,0.00,0,0,0,0,0,618539985360,168999996
20240812,001620,케이비아이동국실업,KOSPI,-,613,32,5.51,580,613,576,88581,52646282,68222628003,111293031
20240812,029460,케이씨,KOSPI,-,21100,600,2.93,20900,21250,20550,35860,752592150,285990328400,13554044
20240812,281820,케이씨텍,KOSPI,-,38900,1250,3.32,37650,39100,37600,71958,2779609450,811514528400,20861556
20240812,381970,케이카,KOSPI,-,12870,-180,-1.38,13150,13150,12750,45118,579457530,620103279510,48182073
20240812,145270,케이탑리츠,KOSPI,-,1037,1,0.10,1036,1040,1027,110391,114099304,49839022638,48060774
20240812,417310,코람코더원리츠,KOSPI,-,5180,110,2.17,5070,5180,5070,27020,138197010,209272000000,40400000
20240812,357120,코람코라이프인프라리츠,KOSPI,-,4860,20,0.41,4840,4870,4815,187670,909663695,430277543640,88534474
20240812,007815,코리아써우,KOSPI,-,6510,20,0.31,6380,6530,6380,483,3136680,19300131900,2964690
20240812,007810,코리아써키트,KOSPI,-,11690,90,0.78,11500,11970,11500,99658,1168237580,276126579190,23620751
20240812,00781K,코리아써키트2우B,KOSPI,-,6300,50,0.80,6210,6300,6200,1343,8347890,4937303700,783699
20240812,003690,코리안리,KOSPI,-,8220,80,0.98,8140,8250,8140,72724,594940820,1359321063720,165367526
20240812,192820,코스맥스,KOSPI,-,137800,5900,4.47,133800,147100,125100,531373,72739549400,1563962340200,11349509
20240812,044820,코스맥스비티아이,KOSPI,-,9040,0,0.00,9240,9240,8990,3430,31122120,86819445840,9603921
20240812,005070,코스모신소재,KOSPI,-,113800,700,0.62,114000,115800,112600,70020,7987359900,3699724032800,32510756
20240812,005420,코스모화학,KOSPI,-,18780,-100,-0.53,18880,19150,18620,119083,2245367940,721306521840,38408228
20240812,071950,코아스,KOSPI,-,1003,31,3.19,975,1018,975,280257,280289530,33005930627,32907209
20240812,002020,코오롱,KOSPI,-,15000,140,0.94,14930,15070,14920,11190,167691320,189396390000,12626426
20240812,138490,코오롱ENP,KOSPI,-,6430,140,2.23,6220,6430,6220,49595,314346780,244340000000,38000000
20240812,003070,코오롱글로벌,KOSPI,-,9830,0,0.00,9840,9880,9650,47752,466401090,186108568790,18932713
20240812,003075,코오롱글로벌우,KOSPI,-,15530,-50,-0.32,15800,15880,15400,2016,31322510,11503645610,740737
20240812,450140,코오롱모빌리티그룹,KOSPI,-,2500,5,0.20,2495,2540,2460,77993,195417885,156943125000,62777250
20240812,45014K,코오롱모빌리티그룹우,KOSPI,-,4670,70,1.52,4700,4700,4615,323,1507885,11470080400,2456120
20240812,002025,코오롱우,KOSPI,-,12950,170,1.33,12860,13410,12840,12601,167417700,13939250500,1076390
20240812,120110,코오롱인더,KOSPI,-,36300,2400,7.08,34500,36350,34450,151812,5414482850,998943003300,27519091
20240812,120115,코오롱인더우,KOSPI,-,21900,500,2.34,21500,21950,21450,3050,66751250,60616134000,2767860
20240812,021240,코웨이,KOSPI,-,59500,3600,6.44,57000,60300,57000,126216,7473912600,4391077330500,73799619
20240812,036420,콘텐트리중앙,KOSPI,-,9190,160,1.77,8980,9320,8980,22670,208136190,177020610520,19262308
20240812,024720,콜마홀딩스,KOSPI,-,7830,-160,-2.00,7990,8100,7810,76190,603719880,268539707970,34296259
20240812,031820,콤텍시스템,KOSPI,-,576,0,0.00,576,583,567,113255,64988442,69725644416,121051466
20240812,192400,쿠쿠홀딩스,KOSPI,-,22000,400,1.85,21600,22150,21550,24279,531828050,782368070000,35562185
20240812,284740,쿠쿠홈시스,KOSPI,-,21250,550,2.66,20800,21300,20800,13893,292753700,476793262500,22437330
20240812,264900,크라운제과,KOSPI,-,9110,60,0.66,9120,9240,9090,13536,123732360,114092273500,12523850
20240812,26490K,크라운제과우,KOSPI,-,10040,50,0.50,10140,10140,9930,1372,13728420,7766542400,773560
20240812,005740,크라운해태홀딩스,KOSPI,-,6130,60,0.99,6100,6180,6070,27647,169282060,91014237110,14847347
20240812,005745,크라운해태홀딩스우,KOSPI,-,9120,-100,-1.08,9470,9470,9120,616,5634510,5478621120,600726
20240812,259960,크래프톤,KOSPI,-,293000,-1500,-0.51,289000,300000,289000,287768,86554595000,14031888079000,47890403
20240812,020120,키다리스튜디오,KOSPI,-,3585,80,2.28,3500,3625,3500,30396,108668735,132873601110,37063766
20240812,039490,키움증권,KOSPI,-,126500,1700,1.36,125700,127600,124900,29797,3763752800,3229128309000,25526706
20240812,014580,태경비케이,KOSPI,-,4635,20,0.43,4640,4665,4575,44494,206309740,127847668500,27583100
20240812,015890,태경산업,KOSPI,-,5170,30,0.58,5140,5220,5090,55574,285673110,151112637500,29228750
20240812,006890,태경케미컬,KOSPI,-,11550,330,2.94,11220,11560,11220,30878,353705090,133980000000,11600000
20240812,003240,태광산업,KOSPI,-,565000,3000,0.53,564000,565000,557000,309,172882000,629071000000,1113400
20240812,011280,태림포장,KOSPI,-,2370,30,1.28,2330,2375,2330,17155,40465430,167810077800,70805940
20240812,004100,태양금속,KOSPI,-,3085,-120,-3.74,3185,3235,3085,786217,2462960075,113219500000,36700000
20240812,004105,태양금속우,KOSPI,-,4805,-5,-0.10,4890,5090,4780,64068,314235520,15856500000,3300000
20240812,009410,태영건설,KOSPI,-,4620,0,0.00,0,0,0,0,0,1318870272720,285469756
20240812,009415,태영건설우,KOSPI,-,7130,0,0.00,0,0,0,0,0,4634314620,649974
20240812,001420,태원물산,KOSPI,-,3945,-40,-1.00,3985,3985,3905,1444,5692315,29982000000,7600000
20240812,055490,테이팩스,KOSPI,-,19220,600,3.22,18750,19410,18650,16733,320578300,91672673000,4769650
20240812,078000,텔코웨어,KOSPI,-,10050,-40,-0.40,10050,10240,9970,3560,35731970,92862773850,9240077
20240812,214420,토니모리,KOSPI,-,8840,270,3.15,8600,8880,8460,237291,2068672080,212644423160,24054799
20240812,019180,티에이치엔,KOSPI,-,3275,65,2.02,3210,3280,3210,49249,159644745,58950000000,18000000
20240812,363280,티와이홀딩스,KOSPI,-,3765,90,2.45,3700,3770,3655,35198,130122835,189866194020,50429268
20240812,36328K,티와이홀딩스우,KOSPI,-,5420,140,2.65,5350,5660,5240,3834,20555400,6737135880,1243014
20240812,091810,티웨이항공,KOSPI,-,2505,5,0.20,2500,2540,2500,288038,725537985,539524334880,215378976
20240812,004870,티웨이홀딩스,KOSPI,-,552,8,1.47,542,554,532,164937,89711584,61609654536,111611693
20240812,034230,파라다이스,KOSPI,-,10840,0,0.00,10840,11010,10770,442123,4786372630,994804393320,91771623
20240812,005690,파미셀,KOSPI,-,5580,180,3.33,5510,5600,5430,532216,2948595890,334894659120,60016964
20240812,036580,팜스코,KOSPI,-,2415,-15,-0.62,2395,2475,2395,35559,85790755,88697982345,36727943
20240812,004720,팜젠사이언스,KOSPI,-,5580,10,0.18,5710,5730,5520,162195,909455040,101436169500,18178525
20240812,028670,팬오션,KOSPI,-,3690,30,0.82,3680,3715,3640,1237669,4538866655,1972561499280,534569512
20240812,010820,퍼스텍,KOSPI,-,3195,45,1.43,3115,3195,3095,446234,1405035700,155826341910,48771938
20240812,016800,퍼시스,KOSPI,-,41250,0,0.00,41300,41500,40150,451,18374150,474375000000,11500000
20240812,001020,페이퍼코리아,KOSPI,-,740,8,1.09,732,747,725,30919,22749259,131707651620,177983313
20240812,090080,평화산업,KOSPI,-,1016,11,1.09,1006,1024,1006,37229,37841403,55780695144,54902259
20240812,010770,평화홀딩스,KOSPI,-,2910,40,1.39,2900,2920,2875,6346,18384880,42560106060,14625466
20240812,022100,포스코DX,KOSPI,-,26700,100,0.38,26600,27300,26550,272136,7310287900,4059327264300,152034729
20240812,058430,포스코스틸리온,KOSPI,-,38900,450,1.17,39150,39150,38350,10587,410062300,233400000000,6000000
20240812,047050,포스코인터내셔널,KOSPI,-,50700,1450,2.94,49500,51500,49150,682420,34399345300,8919285351600,175922788
20240812,003670,포스코퓨처엠,KOSPI,-,208000,2500,1.22,205500,214000,205500,204843,43018976500,16112349760000,77463220
20240812,017810,풀무원,KOSPI,-,12660,160,1.28,12500,12760,12300,128825,1611076110,482606061720,38120542
20240812,103140,풍산,KOSPI,-,53900,900,1.70,53400,54100,52800,127335,6799886000,1510508584200,28024278
20240812,005810,풍산홀딩스,KOSPI,-,25800,100,0.39,25700,25850,25600,12285,315367950,371966133600,14417292
20240812,950210,프레스티지바이오파마,KOSPI,-,15270,1500,10.89,14250,15630,13900,386624,5735550120,917668286850,60096155
20240812,009810,플레이그램,KOSPI,-,390,-27,-6.47,417,435,389,3421935,1383881696,59236125000,151887500
20240812,086790,하나금융지주,KOSPI,-,60500,200,0.33,60800,61500,60200,578481,35001100300,17687574179000,292356598
20240812,293480,하나제약,KOSPI,-,12110,80,0.67,12030,12220,12030,15212,184636720,215230376060,17772946
20240812,039130,하나투어,KOSPI,-,46800,1800,4.00,45300,46800,45050,46037,2133905850,750633858000,16039185
20240812,352820,하이브,KOSPI,-,172100,-100,-0.06,172300,173500,170000,189214,32528273500,7168325893700,41652097
20240812,071090,하이스틸,KOSPI,-,3360,10,0.30,3350,3420,3350,94076,316554320,67843342560,20191471
20240812,019490,하이트론,KOSPI,-,937,-8,-0.85,969,977,933,36418,34522549,25871716888,27611224
20240812,000080,하이트진로,KOSPI,-,20200,200,1.00,20050,20300,20050,100521,2027779350,1416698942200,70133611
20240812,000087,하이트진로2우B,KOSPI,-,15720,190,1.22,15550,15880,15550,621,9783770,17765769360,1130138
20240812,000140,하이트진로홀딩스,KOSPI,-,8920,-50,-0.56,8970,8970,8890,5078,45259880,207004343800,23206765
20240812,000145,하이트진로홀딩스우,KOSPI,-,11500,170,1.50,11080,11860,11080,364,4253510,5414315000,470810
20240812,152550,한국ANKOR유전,KOSPI,-,447,-3,-0.67,443,453,440,4356771,1942245229,31298940000,70020000
20240812,036460,한국가스공사,KOSPI,-,46200,4800,11.59,42800,47600,42550,8528647,386739278500,4264860600000,92313000
20240812,005430,한국공항,KOSPI,-,55600,-200,-0.36,56800,57000,55200,61466,3434790600,176049338000,3166355
20240812,071050,한국금융지주,KOSPI,-,70800,400,0.57,71200,71900,70500,64885,4606693400,3945400233600,55725992
20240812,071055,한국금융지주우,KOSPI,-,49750,100,0.20,50000,50300,49700,2464,123009600,291447987250,5858251
20240812,010040,한국내화,KOSPI,-,2400,60,2.56,2340,2425,2340,19614,46820780,98560948800,41067062
20240812,025540,한국단자,KOSPI,-,61500,1300,2.16,60800,61800,60300,11402,699393300,640522500000,10415000
20240812,010100,한국무브넥스,KOSPI,-,3995,80,2.04,3910,4020,3900,81466,323887330,121649427900,30450420
20240812,004090,한국석유,KOSPI,-,21600,0,0.00,21150,22000,20500,1426308,30554900200,274192992000,12694120
20240812,002200,한국수출포장,KOSPI,-,2360,-40,-1.67,2410,2410,2340,77138,183115630,94400000000,40000000
20240812,002960,한국쉘석유,KOSPI,-,328500,-9000,-2.67,337500,340000,327000,3497,1155671500,427050000000,1300000
20240812,000240,한국앤컴퍼니,KOSPI,-,15910,-360,-2.21,16300,16320,15710,119076,1892428550,1510419668400,94935240
20240812,123890,한국자산신탁,KOSPI,-,3005,5,0.17,3005,3025,2995,84513,253959185,372553144760,123977752
20240812,015760,한국전력,KOSPI,-,19300,260,1.37,19120,19370,19060,629507,12091216730,12389906686100,641964077
20240812,006200,한국전자홀딩스,KOSPI,-,802,5,0.63,789,814,789,28003,22386530,37536115072,46803136
20240812,027970,한국제지,KOSPI,-,1064,-11,-1.02,1070,1077,1055,24350,25794537,202349644168,190178237
20240812,023350,한국종합기술,KOSPI,-,5150,180,3.62,4995,5150,4995,36965,187520970,56392500000,10950000
20240812,025890,한국주강,KOSPI,-,2080,15,0.73,2055,2080,2045,12553,25873845,23523258720,11309259
20240812,000970,한국주철관,KOSPI,-,6630,40,0.61,6560,6640,6550,25006,164786510,151167315000,22800500
20240812,104700,한국철강,KOSPI,-,8190,40,0.49,8230,8240,8150,14056,115232050,347665500000,42450000
20240812,017960,한국카본,KOSPI,-,12140,-30,-0.25,12390,12390,12030,178485,2172000580,630168607280,51908452
20240812,161890,한국콜마,KOSPI,-,66300,0,0.00,67900,69500,65900,531903,35768351600,1565016605100,23605077
20240812,161390,한국타이어앤테크놀로지,KOSPI,-,42850,-1050,-2.39,43800,44850,42150,410158,17764876350,5308046706650,123875069
20240812,034830,한국토지신탁,KOSPI,-,1020,5,0.49,1011,1021,1011,110733,112677678,257539014600,252489230
20240812,007280,한국특강,KOSPI,-,1598,0,0.00,1598,1603,1578,4630,7349861,97179670978,60813311
20240812,168490,한국패러랠,KOSPI,-,218,-2,-0.91,220,220,216,213347,46456379,17444360000,80020000
20240812,047810,한국항공우주,KOSPI,-,54900,1200,2.23,54100,55000,53500,619249,33643362000,5351383374300,97475107
20240812,123690,한국화장품,KOSPI,-,7670,130,1.72,7570,7670,7500,48788,370122160,123241560000,16068000
20240812,003350,한국화장품제조,KOSPI,-,61300,-100,-0.16,62000,64000,58100,159155,9680685500,277811600000,4532000
20240812,011500,한농화성,KOSPI,-,12700,360,2.92,12600,13300,12360,429452,5507768170,198590433400,15637042
20240812,002390,한독,KOSPI,-,15740,70,0.45,15650,15920,15610,60149,947686210,216638009420,13763533
20240812,053690,한미글로벌,KOSPI,-,16450,620,3.92,15830,16450,15660,167536,2699741300,180251697500,10957550
20240812,042700,한미반도체,KOSPI,-,114200,5700,5.25,109100,119300,109000,2225144,257984657200,11076673002800,96993634
20240812,008930,한미사이언스,KOSPI,-,31950,500,1.59,31450,32150,31300,133247,4223537600,2185110022500,68391550
20240812,128940,한미약품,KOSPI,-,286000,5000,1.78,282500,287500,282000,21738,6191180500,3663943426000,12810991
20240812,009240,한샘,KOSPI,-,52500,-3000,-5.41,55300,55300,50900,125939,6551240500,1235531220000,23533928
20240812,020000,한섬,KOSPI,-,16500,390,2.42,16110,16510,16110,25204,413088350,386075250000,23398500
20240812,003680,한성기업,KOSPI,-,6100,-50,-0.81,6190,6220,6050,26869,164850090,37878041500,6209515
20240812,105630,한세실업,KOSPI,-,18800,480,2.62,18500,18800,18450,37316,697686280,752000000000,40000000
20240812,069640,한세엠케이,KOSPI,-,1737,12,0.70,1707,1737,1707,1946,3353844,52294993974,30106502
20240812,016450,한세예스24홀딩스,KOSPI,-,4505,-55,-1.21,4540,4590,4505,9394,42517500,180200000000,40000000
20240812,010420,한솔PNS,KOSPI,-,1022,3,0.29,1025,1025,1011,13422,13647489,20943858264,20493012
20240812,009180,한솔로지스틱스,KOSPI,-,2680,5,0.19,2660,2685,2515,118298,313079595,75192827000,28057025
20240812,213500,한솔제지,KOSPI,-,9830,-70,-0.71,9900,9920,9810,51177,504258440,233959662080,23800576
20240812,014680,한솔케미칼,KOSPI,-,156500,4500,2.96,152000,158000,151900,31340,4898915300,1773958017500,11335195
20240812,004710,한솔테크닉스,KOSPI,-,4850,20,0.41,4800,4940,4800,33340,162375580,155732908300,32109878
20240812,004150,한솔홀딩스,KOSPI,-,2595,0,0.00,2595,2600,2580,32920,85090795,109012257315,42008577
20240812,025750,한솔홈데코,KOSPI,-,725,12,1.68,705,726,704,70412,50428857,58409733025,80565149
20240812,004960,한신공영,KOSPI,-,7200,180,2.56,7020,7260,6940,47769,339040090,83309054400,11570702
20240812,011700,한신기계,KOSPI,-,3675,100,2.80,3575,3680,3565,97609,356150700,119239604925,32446151
20240812,001750,한양증권,KOSPI,-,14730,-270,-1.80,15110,15370,14700,214462,3218700510,187491305820,12728534
20240812,001755,한양증권우,KOSPI,-,27500,-1000,-3.51,27100,27950,26700,108283,2942843350,14437500000,525000
20240812,018880,한온시스템,KOSPI,-,3985,185,4.87,3830,4035,3825,2975230,11777120375,2127193000000,533800000
20240812,009420,한올바이오파마,KOSPI,-,35800,400,1.13,36150,36600,35300,391044,14010580300,1870214840400,52240638
20240812,014130,한익스프레스,KOSPI,-,3870,0,0.00,3840,3950,3735,18513,71498820,46440000000,12000000
20240812,300720,한일시멘트,KOSPI,-,14750,210,1.44,14540,15080,14500,227337,3373998820,1021607715000,69261540
20240812,002220,한일철강,KOSPI,-,2080,-55,-2.58,2115,2135,2080,20414,42870160,55530716800,26697460
20240812,006390,한일현대시멘트,KOSPI,-,14670,20,0.14,14650,14750,14560,8324,122035520,283536948240,19327672
20240812,003300,한일홀딩스,KOSPI,-,13500,20,0.15,13460,13540,13400,5345,71934030,416243934000,30832884
20240812,051600,한전KPS,KOSPI,-,41200,200,0.49,40950,41300,40250,197301,8088156300,1854000000000,45000000
20240812,052690,한전기술,KOSPI,-,70500,2400,3.52,68800,70700,68200,151922,10586982900,2694510000000,38220000
20240812,130660,한전산업,KOSPI,-,14330,380,2.72,14170,14480,14000,961368,13732679120,467158000000,32600000
20240812,002320,한진,KOSPI,-,18360,280,1.55,18080,18420,18030,17059,311072500,274438450080,14947628
20240812,003480,한진중공업홀딩스,KOSPI,-,3530,60,1.73,3480,3530,3450,12692,44334810,104240236360,29529812
20240812,180640,한진칼,KOSPI,-,65000,1300,2.04,63700,66000,63500,25558,1661309200,4339548135000,66762279
20240812,18064K,한진칼우,KOSPI,-,23400,100,0.43,23000,23450,23000,171,3974300,12560324400,536766
20240812,005110,한창,KOSPI,-,1254,0,0.00,0,0,0,0,0,23332434378,18606407
20240812,009460,한창제지,KOSPI,-,803,43,5.66,764,803,764,156239,122812049,47912991258,59667486
20240812,372910,한컴라이프케어,KOSPI,-,5140,265,5.44,5020,5740,4810,7442438,39961338255,142246446840,27674406
20240812,000880,한화,KOSPI,-,30500,50,0.16,30650,30650,30050,109885,3331456900,2286241417500,74958735
20240812,00088K,한화3우B,KOSPI,-,15390,-20,-0.13,15410,15460,15240,18167,279403900,345844080000,22472000
20240812,452260,한화갤러리아,KOSPI,-,1195,58,5.10,1130,1196,1130,938056,1102184530,231662233950,193859610
20240812,45226K,한화갤러리아우,KOSPI,-,2365,-65,-2.67,2430,2430,2365,14111,33656310,6869071550,2904470
20240812,451800,한화리츠,KOSPI,-,4950,70,1.43,4945,4950,4900,25459,125582680,349470000000,70600000
20240812,088350,한화생명,KOSPI,-,2910,30,1.04,2890,2910,2850,847157,2439106930,2527422300000,868530000
20240812,000370,한화손해보험,KOSPI,-,5490,-340,-5.83,5740,5790,5460,1442265,8049173320,640896643350,116738915
20240812,009830,한화솔루션,KOSPI,-,26600,1550,6.19,25450,26950,25350,2036178,54119195400,4572341457600,171892536
20240812,009835,한화솔루션우,KOSPI,-,21650,550,2.61,22000,22200,21250,12014,262188300,55756305850,2575349
20240812,272210,한화시스템,KOSPI,-,19340,-20,-0.10,19470,19480,19070,1353186,26108997890,3653700983260,188919389
20240812,012450,한화에어로스페이스,KOSPI,-,306000,2500,0.82,305000,309500,299500,415270,126198320000,15492780000000,50630000
20240812,082740,한화엔진,KOSPI,-,13360,-490,-3.54,13850,13850,13260,809976,10868094530,1114853817120,83447142
20240812,042660,한화오션,KOSPI,-,31500,0,0.00,31500,31750,30950,812349,25445904550,9652021911000,306413394
20240812,000885,한화우,KOSPI,-,39950,0,0.00,39950,40000,39950,7074,282637300,19147795300,479294
20240812,003530,한화투자증권,KOSPI,-,3430,-40,-1.15,3415,3455,3395,668891,2287174935,735898868250,214547775
20240812,003535,한화투자증권우,KOSPI,-,6430,-160,-2.43,6600,6600,6400,4205,27222920,30864000000,4800000
20240812,195870,해성디에스,KOSPI,-,29550,1300,4.60,28650,29850,28650,162855,4786994900,502350000000,17000000
20240812,101530,해태제과식품,KOSPI,-,6460,20,0.31,6550,6700,6460,73604,482727580,188094670120,29116822
20240812,143210,핸즈코퍼레이션,KOSPI,-,2015,0,0.00,2040,2055,2010,12170,24768965,44079630205,21875747
20240812,000720,현대건설,KOSPI,-,31400,450,1.45,30950,31450,30750,363884,11312453850,3496571021000,111355765
20240812,000725,현대건설우,KOSPI,-,47150,-500,-1.05,47000,47600,47000,954,44898650,49728774950,1054693
20240812,453340,현대그린푸드,KOSPI,-,12300,70,0.57,12370,12370,12180,17641,216463430,416735242200,33880914
20240812,086280,현대글로비스,KOSPI,-,106900,800,0.75,105600,108200,105000,167179,17852893300,8017500000000,75000000
20240812,064350,현대로템,KOSPI,-,49200,2950,6.38,46600,49350,44650,3578517,171281316150,5369800815600,109142293
20240812,079430,현대리바트,KOSPI,-,9010,-380,-4.05,9500,9600,8750,229284,2057270660,185022890820,20535282
20240812,012330,현대모비스,KOSPI,-,218500,6000,2.82,213500,220000,212500,148949,32249864655,20319428039000,92995094
20240812,069960,현대백화점,KOSPI,-,46500,1050,2.31,45450,46500,45450,30866,1422294350,1088213506500,23402441
20240812,004560,현대비앤지스틸,KOSPI,-,14360,240,1.70,14030,14360,14030,48628,690868090,216531725960,15078811
20240812,004310,현대약품,KOSPI,-,5590,90,1.64,5620,5790,5470,3551735,19990452550,178880000000,32000000
20240812,017800,현대엘리베이,KOSPI,-,42500,350,0.83,42200,42750,42100,35267,1492118350,1661426362500,39092385
20240812,307950,현대오토에버,KOSPI,-,153500,-2100,-1.35,156500,157400,153400,43573,6738108800,4209581237000,27423982
20240812,011210,현대위아,KOSPI,-,49750,1950,4.08,47850,49750,47850,49997,2462377750,1352955379250,27195083
20240812,004020,현대제철,KOSPI,-,25800,250,0.98,25500,25950,25400,180022,4634284300,3442901253000,133445785
20240812,005440,현대지에프홀딩스,KOSPI,-,4300,-5,-0.12,4275,4320,4250,144249,616025555,670388494300,155904301
20240812,005380,현대차,KOSPI,-,243500,500,0.21,246000,249000,242000,469844,115141038500,50992842508500,209416191
20240812,005387,현대차2우B,KOSPI,-,167000,0,0.00,167900,170100,165000,82947,13881343500,5971818297000,35759391
20240812,005389,현대차3우B,KOSPI,-,161800,-200,-0.12,162400,165000,161300,12990,2113379300,385149367200,2380404
20240812,005385,현대차우,KOSPI,-,165500,-200,-0.12,167200,169000,164400,51304,8533316300,3950814014000,23871988
20240812,001500,현대차증권,KOSPI,-,8530,50,0.59,8460,8570,8450,14017,119192220,270508153860,31712562
20240812,011760,현대코퍼레이션,KOSPI,-,19930,270,1.37,19860,20350,19620,47985,956031340,263653292380,13228966
20240812,227840,현대코퍼레이션홀딩스,KOSPI,-,10630,160,1.53,10470,10640,10470,11373,120082470,96741886680,9100836
20240812,126560,현대퓨처넷,KOSPI,-,3645,5,0.14,3640,3650,3620,76042,276574610,401689734525,110202945
20240812,001450,현대해상,KOSPI,-,34200,100,0.29,34400,34400,33750,128363,4373579400,3057480000000,89400000
20240812,057050,현대홈쇼핑,KOSPI,-,45950,-150,-0.33,46200,46250,45850,5955,274205250,551400000000,12000000
20240812,093240,형지엘리트,KOSPI,-,1070,13,1.23,1046,1074,1023,36160,38355348,33335633860,31154798
20240812,003010,혜인,KOSPI,-,5350,30,0.56,5290,5360,5290,73316,389999180,68013196450,12712747
20240812,111110,호전실업,KOSPI,-,6940,0,0.00,6940,6940,6850,2214,15271430,67664888960,9749984
20240812,008770,호텔신라,KOSPI,-,47600,800,1.71,47000,47700,46800,79851,3787763900,1868210559600,39248121
20240812,008775,호텔신라우,KOSPI,-,37750,650,1.75,37100,38550,36050,4036,152868150,28383432250,751879
20240812,378850,화승알앤에이,KOSPI,-,3990,175,4.59,3815,4020,3815,105023,416453130,75784555770,18993623
20240812,241590,화승엔터프라이즈,KOSPI,-,8030,180,2.29,7860,8050,7760,154435,1228307090,486531886280,60589276
20240812,006060,화승인더,KOSPI,-,3925,50,1.29,3890,3935,3850,67989,264969805,217131000000,55320000
20240812,013520,화승코퍼레이션,KOSPI,-,1970,30,1.55,1940,1970,1929,66700,130013339,98600966440,50051252
20240812,010690,화신,KOSPI,-,9410,160,1.73,9260,9550,9260,199719,1879198480,328601058100,34920410
20240812,133820,화인베스틸,KOSPI,-,998,1,0.10,997,998,980,15594,15457455,30764465764,30826118
20240812,010660,화천기계,KOSPI,-,2875,50,1.77,2825,2895,2810,77434,222314970,63250000000,22000000
20240812,000850,화천기공,KOSPI,-,28900,650,2.30,28000,29000,28000,3115,88363200,63580000000,2200000
20240812,016580,환인제약,KOSPI,-,14110,60,0.43,14060,14190,14050,15994,225168590,262446987700,18600070
20240812,032560,황금에스티,KOSPI,-,5730,80,1.42,5680,5730,5650,6018,34270830,97410000000,17000000
20240812,004800,효성,KOSPI,-,42250,1000,2.42,41400,42250,41000,15100,632643600,707282195750,16740407
20240812,094280,효성ITX,KOSPI,-,12810,10,0.08,12810,12860,12740,6278,80302370,148060542000,11558200
20240812,298040,효성중공업,KOSPI,-,291000,6000,2.11,286500,293500,279000,46902,13547362500,2713443468000,9324548
20240812,298050,효성첨단소재,KOSPI,-,288000,1000,0.35,290000,295000,285000,12048,3474988000,1290225024000,4479948
20240812,298020,효성티앤씨,KOSPI,-,295000,4000,1.37,295000,298500,291000,4744,1399878000,1276666190000,4327682
20240812,298000,효성화학,KOSPI,-,46250,1600,3.58,44700,49150,44700,17010,795471200,175371258750,3791811
20240812,093370,후성,KOSPI,-,6180,30,0.49,6120,6250,6110,162882,1004912190,662837939400,107255330
20240812,081660,휠라홀딩스,KOSPI,-,43100,1500,3.61,41950,43800,41800,52562,2267437800,2590130660900,60095839
20240812,005870,휴니드,KOSPI,-,9280,0,0.00,9050,9350,8850,2137157,19490231550,130996619200,14116015
20240812,079980,휴비스,KOSPI,-,3255,285,9.60,3000,3415,2980,283012,918621615,112297500000,34500000
20240812,005010,휴스틸,KOSPI,-,4100,55,1.36,4075,4100,4060,98986,403943560,230371107500,56188075
20240812,000540,흥국화재,KOSPI,-,4130,25,0.61,4105,4150,4065,45204,185203430,265322123850,64242645
20240812,000545,흥국화재우,KOSPI,-,6050,60,1.00,5910,6050,5910,440,2646570,4646400000,768000
20240812,003280,흥아해운,KOSPI,-,2675,-10,-0.37,2630,2695,2580,13607562,35878813835,643136604825,240424899
